layer,source,competition_instance,family,benchmark_path,best_known_name,n_operations,n_jobs,n_machines,n_workers,flexibility,duration_variety,lb,ub,is_optimal_known,reference_best,reference_avg,current_best,current_avg,in_competition30,selection_reason
layer2_public402,Behnke1,,BehnkeGeiger,instances\Example_Instances_FJSSP-WF\Behnke1.fjs,BehnkeGeiger1,50,10,20,30,0.164166666667,0.00507614213198,65,85,false,,,,,false,full_public_fjsspw_set
layer2_public402,Behnke10,,BehnkeGeiger,instances\Example_Instances_FJSSP-WF\Behnke10.fjs,BehnkeGeiger10,100,20,20,30,0.158266666667,0.00263268744735,75,125,false,,,,,false,full_public_fjsspw_set
layer2_public402,Behnke11,,BehnkeGeiger,instances\Example_Instances_FJSSP-WF\Behnke11.fjs,BehnkeGeiger11,250,50,20,30,0.161693333333,0.00103075781314,74,228,false,,,,,false,full_public_fjsspw_set
layer2_public402,Behnke12,,BehnkeGeiger,instances\Example_Instances_FJSSP-WF\Behnke12.fjs,BehnkeGeiger12,250,50,20,30,0.170186666667,0.00097931682858,71,223,false,,,,,false,full_public_fjsspw_set
layer2_public402,Behnke13,,BehnkeGeiger,instances\Example_Instances_FJSSP-WF\Behnke13.fjs,BehnkeGeiger13,250,50,20,30,0.1653,0.00100826779593,76,234,false,,,,,false,full_public_fjsspw_set
layer2_public402,Behnke14,,BehnkeGeiger,instances\Example_Instances_FJSSP-WF\Behnke14.fjs,BehnkeGeiger14,250,50,20,30,0.162233333333,0.00102732689542,82,238,false,,,,,false,full_public_fjsspw_set
layer2_public402,Behnke15,,BehnkeGeiger,instances\Example_Instances_FJSSP-WF\Behnke15.fjs,BehnkeGeiger15,250,50,20,30,0.160813333333,0.0010363983086,80,233,false,,,,,false,full_public_fjsspw_set
layer2_public402,Behnke16,,BehnkeGeiger,instances\Example_Instances_FJSSP-WF\Behnke16.fjs,BehnkeGeiger16,500,100,20,30,0.167823333333,0.000496553915824,79,416,false,,,,,false,full_public_fjsspw_set
layer2_public402,Behnke17,,BehnkeGeiger,instances\Example_Instances_FJSSP-WF\Behnke17.fjs,BehnkeGeiger17,500,100,20,30,0.162946666667,0.000511414777841,73,402,false,,,,,false,full_public_fjsspw_set
layer2_public402,Behnke18,,BehnkeGeiger,instances\Example_Instances_FJSSP-WF\Behnke18.fjs,BehnkeGeiger18,500,100,20,30,0.163053333333,0.000511080219151,80,399,false,,,,,false,full_public_fjsspw_set
layer2_public402,Behnke19,,BehnkeGeiger,instances\Example_Instances_FJSSP-WF\Behnke19.fjs,BehnkeGeiger19,500,100,20,30,0.166576666667,0.000500270145879,76,397,false,,,,,false,full_public_fjsspw_set
layer2_public402,Behnke2,,BehnkeGeiger,instances\Example_Instances_FJSSP-WF\Behnke2.fjs,BehnkeGeiger2,50,10,20,30,0.176833333333,0.00471253534402,69,86,false,,,,,false,full_public_fjsspw_set
layer2_public402,Behnke20,,BehnkeGeiger,instances\Example_Instances_FJSSP-WF\Behnke20.fjs,BehnkeGeiger20,500,100,20,30,0.163786666667,0.000508791924455,73,403,false,,,,,false,full_public_fjsspw_set
layer2_public402,Behnke21,,BehnkeGeiger,instances\Example_Instances_FJSSP-WF\Behnke21.fjs,BehnkeGeiger21,50,10,40,60,0.192591666667,0.00108173596988,0,81,false,,,,,false,full_public_fjsspw_set
layer2_public402,Behnke22,,BehnkeGeiger,instances\Example_Instances_FJSSP-WF\Behnke22.fjs,BehnkeGeiger22,50,10,40,60,0.16355,0.00127382044227,62,81,false,,,,,false,full_public_fjsspw_set
layer2_public402,Behnke23,,BehnkeGeiger,instances\Example_Instances_FJSSP-WF\Behnke23.fjs,BehnkeGeiger23,50,10,40,60,0.170283333333,0.00122345111089,66,79,false,,,,,false,full_public_fjsspw_set
layer2_public402,Behnke24,,BehnkeGeiger,instances\Example_Instances_FJSSP-WF\Behnke24.fjs,BehnkeGeiger24,50,10,40,60,0.137733333333,0.00151258470474,64,80,false,,,,,false,full_public_fjsspw_set
layer2_public402,Behnke25,,BehnkeGeiger,instances\Example_Instances_FJSSP-WF\Behnke25.fjs,BehnkeGeiger25,50,10,40,60,0.140791666667,0.0014797277301,72,79,false,,,,,false,full_public_fjsspw_set
layer2_public402,Behnke26,,BehnkeGeiger,instances\Example_Instances_FJSSP-WF\Behnke26.fjs,BehnkeGeiger26,100,20,40,60,0.159279166667,0.000653988018939,65,107,false,,,,,false,full_public_fjsspw_set
layer2_public402,Behnke27,,BehnkeGeiger,instances\Example_Instances_FJSSP-WF\Behnke27.fjs,BehnkeGeiger27,100,20,40,60,0.152945833333,0.000681069005912,74,119,false,,,,,false,full_public_fjsspw_set
layer2_public402,Behnke28,,BehnkeGeiger,instances\Example_Instances_FJSSP-WF\Behnke28.fjs,BehnkeGeiger28,100,20,40,60,0.177620833333,0.000586455230008,66,111,false,,,,,false,full_public_fjsspw_set
layer2_public402,Behnke29,,BehnkeGeiger,instances\Example_Instances_FJSSP-WF\Behnke29.fjs,BehnkeGeiger29,100,20,40,60,0.176079166667,0.000591589957169,67,112,false,,,,,false,full_public_fjsspw_set
layer2_public402,Behnke3,,BehnkeGeiger,instances\Example_Instances_FJSSP-WF\Behnke3.fjs,BehnkeGeiger3,50,10,20,30,0.158066666667,0.00527203711514,72,86,false,,,,,false,full_public_fjsspw_set
layer2_public402,Behnke30,,BehnkeGeiger,instances\Example_Instances_FJSSP-WF\Behnke30.fjs,BehnkeGeiger30,100,20,40,60,0.161404166667,0.000645377804167,75,114,false,,,,,false,full_public_fjsspw_set
layer2_public402,Behnke31,,BehnkeGeiger,instances\Example_Instances_FJSSP-WF\Behnke31.fjs,BehnkeGeiger31,250,50,40,60,0.162211666667,0.000256866028954,71,226,false,,,,,false,full_public_fjsspw_set
layer2_public402,Behnke32,,BehnkeGeiger,instances\Example_Instances_FJSSP-WF\Behnke32.fjs,BehnkeGeiger32,250,50,40,60,0.154036666667,0.00027049836619,68,218,false,,,,,false,full_public_fjsspw_set
layer2_public402,Behnke33,,BehnkeGeiger,instances\Example_Instances_FJSSP-WF\Behnke33.fjs,BehnkeGeiger33,250,50,40,60,0.156943333333,0.000265488605229,67,219,false,,,,,false,full_public_fjsspw_set
layer2_public402,Behnke34,,BehnkeGeiger,instances\Example_Instances_FJSSP-WF\Behnke34.fjs,BehnkeGeiger34,250,50,40,60,0.153545,0.0002713645294,70,213,false,,,,,false,full_public_fjsspw_set
layer2_public402,Behnke35,,BehnkeGeiger,instances\Example_Instances_FJSSP-WF\Behnke35.fjs,BehnkeGeiger35,250,50,40,60,0.157345,0.000264810872075,71,208,false,,,,,false,full_public_fjsspw_set
layer2_public402,Behnke36,,BehnkeGeiger,instances\Example_Instances_FJSSP-WF\Behnke36.fjs,BehnkeGeiger36,500,100,40,60,0.157359166667,0.000132393515895,70,423,false,,,,,false,full_public_fjsspw_set
layer2_public402,Behnke37,,BehnkeGeiger,instances\Example_Instances_FJSSP-WF\Behnke37.fjs,BehnkeGeiger37,500,100,40,60,0.1546325,0.000134728037983,69,419,false,,,,,false,full_public_fjsspw_set
layer2_public402,Behnke38,,BehnkeGeiger,instances\Example_Instances_FJSSP-WF\Behnke38.fjs,BehnkeGeiger38,500,100,40,60,0.163445833333,0.000127463226859,70,419,false,,,,,false,full_public_fjsspw_set
layer2_public402,Behnke39,,BehnkeGeiger,instances\Example_Instances_FJSSP-WF\Behnke39.fjs,BehnkeGeiger39,500,100,40,60,0.1591875,0.000130872922392,73,435,false,,,,,false,full_public_fjsspw_set
layer2_public402,Behnke4,,BehnkeGeiger,instances\Example_Instances_FJSSP-WF\Behnke4.fjs,BehnkeGeiger4,50,10,20,30,0.1726,0.00482811896485,70,90,false,,,,,false,full_public_fjsspw_set
layer2_public402,Behnke40,,BehnkeGeiger,instances\Example_Instances_FJSSP-WF\Behnke40.fjs,BehnkeGeiger40,500,100,40,60,0.152718333333,0.000136416714867,76,441,false,,,,,false,full_public_fjsspw_set
layer2_public402,Behnke41,,BehnkeGeiger,instances\Example_Instances_FJSSP-WF\Behnke41.fjs,BehnkeGeiger41,50,10,60,90,0.188303703704,0.000491719444554,62,80,false,,,,,false,full_public_fjsspw_set
layer2_public402,Behnke42,0_BehnkeGeiger_42_workers,BehnkeGeiger,instances\Example_Instances_FJSSP-WF\Behnke42.fjs,BehnkeGeiger42,50,10,60,90,0.1361,0.000680327645794,0,80,false,,,,,true,full_public_fjsspw_set
layer2_public402,Behnke43,,BehnkeGeiger,instances\Example_Instances_FJSSP-WF\Behnke43.fjs,BehnkeGeiger43,50,10,60,90,0.165574074074,0.000559221563583,62,80,false,,,,,false,full_public_fjsspw_set
layer2_public402,Behnke44,,BehnkeGeiger,instances\Example_Instances_FJSSP-WF\Behnke44.fjs,BehnkeGeiger44,50,10,60,90,0.165474074074,0.00055955951475,61,78,false,,,,,false,full_public_fjsspw_set
layer2_public402,Behnke45,,BehnkeGeiger,instances\Example_Instances_FJSSP-WF\Behnke45.fjs,BehnkeGeiger45,50,10,60,90,0.170888888889,0.000541829215431,62,80,false,,,,,false,full_public_fjsspw_set
layer2_public402,Behnke46,0_BehnkeGeiger_46_workers,BehnkeGeiger,instances\Example_Instances_FJSSP-WF\Behnke46.fjs,BehnkeGeiger46,100,20,60,90,0.133616666667,0.000346485939601,67,108,false,,,,,true,full_public_fjsspw_set
layer2_public402,Behnke47,,BehnkeGeiger,instances\Example_Instances_FJSSP-WF\Behnke47.fjs,BehnkeGeiger47,100,20,60,90,0.15577962963,0.00029719095113,68,113,false,,,,,false,full_public_fjsspw_set
layer2_public402,Behnke48,,BehnkeGeiger,instances\Example_Instances_FJSSP-WF\Behnke48.fjs,BehnkeGeiger48,100,20,60,90,0.147211111111,0.000314489143835,69,117,false,,,,,false,full_public_fjsspw_set
layer2_public402,Behnke49,,BehnkeGeiger,instances\Example_Instances_FJSSP-WF\Behnke49.fjs,BehnkeGeiger49,100,20,60,90,0.150288888889,0.000308048696338,60,107,false,,,,,false,full_public_fjsspw_set
layer2_public402,Behnke5,,BehnkeGeiger,instances\Example_Instances_FJSSP-WF\Behnke5.fjs,BehnkeGeiger5,50,10,20,30,0.1611,0.0051727705359,66,85,false,,,,,false,full_public_fjsspw_set
layer2_public402,Behnke50,,BehnkeGeiger,instances\Example_Instances_FJSSP-WF\Behnke50.fjs,BehnkeGeiger50,100,20,60,90,0.174694444444,0.000265012985636,66,118,false,,,,,false,full_public_fjsspw_set
layer2_public402,Behnke51,,BehnkeGeiger,instances\Example_Instances_FJSSP-WF\Behnke51.fjs,BehnkeGeiger51,250,50,60,90,0.157400740741,0.000117652041734,69,234,false,,,,,false,full_public_fjsspw_set
layer2_public402,Behnke52,,BehnkeGeiger,instances\Example_Instances_FJSSP-WF\Behnke52.fjs,BehnkeGeiger52,250,50,60,90,0.152264444444,0.000121620766989,69,234,false,,,,,false,full_public_fjsspw_set
layer2_public402,Behnke53,,BehnkeGeiger,instances\Example_Instances_FJSSP-WF\Behnke53.fjs,BehnkeGeiger53,250,50,60,90,0.157099259259,0.000117877821995,67,229,false,,,,,false,full_public_fjsspw_set
layer2_public402,Behnke54,,BehnkeGeiger,instances\Example_Instances_FJSSP-WF\Behnke54.fjs,BehnkeGeiger54,250,50,60,90,0.14896,0.000124318733341,68,251,false,,,,,false,full_public_fjsspw_set
layer2_public402,Behnke55,,BehnkeGeiger,instances\Example_Instances_FJSSP-WF\Behnke55.fjs,BehnkeGeiger55,250,50,60,90,0.148925925926,0.000124347177319,69,237,false,,,,,false,full_public_fjsspw_set
layer2_public402,Behnke56,,BehnkeGeiger,instances\Example_Instances_FJSSP-WF\Behnke56.fjs,BehnkeGeiger56,500,100,60,90,0.155775925926,5.9439603419e-05,70,474,false,,,,,false,full_public_fjsspw_set
layer2_public402,Behnke57,,BehnkeGeiger,instances\Example_Instances_FJSSP-WF\Behnke57.fjs,BehnkeGeiger57,500,100,60,90,0.157635185185,5.87385313018e-05,74,476,false,,,,,false,full_public_fjsspw_set
layer2_public402,Behnke58,,BehnkeGeiger,instances\Example_Instances_FJSSP-WF\Behnke58.fjs,BehnkeGeiger58,500,100,60,90,0.163391481481,5.66691676659e-05,67,445,false,,,,,false,full_public_fjsspw_set
layer2_public402,Behnke59,,BehnkeGeiger,instances\Example_Instances_FJSSP-WF\Behnke59.fjs,BehnkeGeiger59,500,100,60,90,0.154365925926,5.99825330864e-05,70,429,false,,,,,false,full_public_fjsspw_set
layer2_public402,Behnke6,,BehnkeGeiger,instances\Example_Instances_FJSSP-WF\Behnke6.fjs,BehnkeGeiger6,100,20,20,30,0.17385,0.00239670213786,72,117,false,,,,,false,full_public_fjsspw_set
layer2_public402,Behnke60,0_BehnkeGeiger_60_workers,BehnkeGeiger,instances\Example_Instances_FJSSP-WF\Behnke60.fjs,BehnkeGeiger60,500,100,60,90,0.148918888889,6.21765266203e-05,74,431,false,,,,,true,full_public_fjsspw_set
layer2_public402,Behnke7,,BehnkeGeiger,instances\Example_Instances_FJSSP-WF\Behnke7.fjs,BehnkeGeiger7,100,20,20,30,0.165466666667,0.00251813053989,78,119,false,,,,,false,full_public_fjsspw_set
layer2_public402,Behnke8,,BehnkeGeiger,instances\Example_Instances_FJSSP-WF\Behnke8.fjs,BehnkeGeiger8,100,20,20,30,0.165866666667,0.00251205787781,69,119,false,,,,,false,full_public_fjsspw_set
layer2_public402,Behnke9,,BehnkeGeiger,instances\Example_Instances_FJSSP-WF\Behnke9.fjs,BehnkeGeiger9,100,20,20,30,0.166466666667,0.00250300360433,70,121,false,,,,,false,full_public_fjsspw_set
layer2_public402,BrandimarteMk1,,Brandimarte,instances\Example_Instances_FJSSP-WF\BrandimarteMk1.fjs,Brandimarte1,55,10,6,9,0.185858585859,0.0126811594203,21,38,false,,,,,false,full_public_fjsspw_set
layer2_public402,BrandimarteMk10,,Brandimarte,instances\Example_Instances_FJSSP-WF\BrandimarteMk10.fjs,Brandimarte10,240,20,15,22,0.10595959596,0.00357483317445,107,199,false,,,,,false,full_public_fjsspw_set
layer2_public402,BrandimarteMk11,,Brandimarte,instances\Example_Instances_FJSSP-WF\BrandimarteMk11.fjs,Brandimarte11,179,30,5,7,0.172226656026,0.0213160333642,128,586,false,,,,,false,full_public_fjsspw_set
layer2_public402,BrandimarteMk12,1_Brandimarte_12_workers,Brandimarte,instances\Example_Instances_FJSSP-WF\BrandimarteMk12.fjs,Brandimarte12,193,30,10,15,0.0784110535406,0.0105726872247,146,471,false,,,,,true,full_public_fjsspw_set
layer2_public402,BrandimarteMk13,,Brandimarte,instances\Example_Instances_FJSSP-WF\BrandimarteMk13.fjs,Brandimarte13,231,30,10,15,0.179769119769,0.00385294589822,146,402,false,,,,,false,full_public_fjsspw_set
layer2_public402,BrandimarteMk14,1_Brandimarte_14_workers,Brandimarte,instances\Example_Instances_FJSSP-WF\BrandimarteMk14.fjs,Brandimarte14,277,30,15,22,0.0524559676184,0.00500521376434,210,640,false,,,,,true,full_public_fjsspw_set
layer2_public402,BrandimarteMk15,,Brandimarte,instances\Example_Instances_FJSSP-WF\BrandimarteMk15.fjs,Brandimarte15,284,30,15,22,0.103595817328,0.0024719332578,176,328,false,,,,,false,full_public_fjsspw_set
layer2_public402,BrandimarteMk2,,Brandimarte,instances\Example_Instances_FJSSP-WF\BrandimarteMk2.fjs,Brandimarte2,58,10,6,9,0.355044699872,0.00629496402878,17,26,false,,,,,false,full_public_fjsspw_set
layer2_public402,BrandimarteMk3,,Brandimarte,instances\Example_Instances_FJSSP-WF\BrandimarteMk3.fjs,Brandimarte3,150,15,8,12,0.199444444444,0.00696378830084,61,184,false,,,,,false,full_public_fjsspw_set
layer2_public402,BrandimarteMk4,,Brandimarte,instances\Example_Instances_FJSSP-WF\BrandimarteMk4.fjs,Brandimarte4,90,15,8,12,0.137268518519,0.00843170320405,32,56,false,,,,,false,full_public_fjsspw_set
layer2_public402,BrandimarteMk5,,Brandimarte,instances\Example_Instances_FJSSP-WF\BrandimarteMk5.fjs,Brandimarte5,106,15,4,6,0.25786163522,0.00914634146341,58,166,false,,,,,false,full_public_fjsspw_set
layer2_public402,BrandimarteMk6,,Brandimarte,instances\Example_Instances_FJSSP-WF\BrandimarteMk6.fjs,Brandimarte6,150,10,10,15,0.1712,0.00259605399792,33,58,false,,,,,false,full_public_fjsspw_set
layer2_public402,BrandimarteMk7,1_Brandimarte_7_workers,Brandimarte,instances\Example_Instances_FJSSP-WF\BrandimarteMk7.fjs,Brandimarte7,100,20,5,7,0.313428571429,0.0191431175934,46,137,false,,,,,true,full_public_fjsspw_set
layer2_public402,BrandimarteMk8,,Brandimarte,instances\Example_Instances_FJSSP-WF\BrandimarteMk8.fjs,Brandimarte8,225,20,10,15,0.0808,0.00623395672901,151.443925926,483,false,,,,,false,full_public_fjsspw_set
layer2_public402,BrandimarteMk9,,Brandimarte,instances\Example_Instances_FJSSP-WF\BrandimarteMk9.fjs,Brandimarte9,240,20,10,15,0.135638888889,0.00491501126357,122,287,false,,,,,false,full_public_fjsspw_set
layer2_public402,ChambersBarnes1,,ChambersBarnes,instances\Example_Instances_FJSSP-WF\ChambersBarnes1.fjs,ChambersBarnes1,100,10,11,16,0.0538068181818,0.109820485744,601,880,false,,,,,false,full_public_fjsspw_set
layer2_public402,ChambersBarnes10,4_ChambersBarnes_10_workers,ChambersBarnes,instances\Example_Instances_FJSSP-WF\ChambersBarnes10.fjs,ChambersBarnes10,150,15,13,19,0.0560863697706,0.0500481231954,649,893,false,,,,,true,full_public_fjsspw_set
layer2_public402,ChambersBarnes11,,ChambersBarnes,instances\Example_Instances_FJSSP-WF\ChambersBarnes11.fjs,ChambersBarnes11,150,15,12,18,0.0497839506173,0.0638561686299,649,871,false,,,,,false,full_public_fjsspw_set
layer2_public402,ChambersBarnes12,,ChambersBarnes,instances\Example_Instances_FJSSP-WF\ChambersBarnes12.fjs,ChambersBarnes12,150,15,13,19,0.0543319838057,0.0511674118231,648,859,false,,,,,false,full_public_fjsspw_set
layer2_public402,ChambersBarnes13,,ChambersBarnes,instances\Example_Instances_FJSSP-WF\ChambersBarnes13.fjs,ChambersBarnes13,150,15,11,16,0.0546590909091,0.0727650727651,660,890,false,,,,,false,full_public_fjsspw_set
layer2_public402,ChambersBarnes14,,ChambersBarnes,instances\Example_Instances_FJSSP-WF\ChambersBarnes14.fjs,ChambersBarnes14,150,15,12,18,0.052962962963,0.0611888111888,652,874,false,,,,,false,full_public_fjsspw_set
layer2_public402,ChambersBarnes15,,ChambersBarnes,instances\Example_Instances_FJSSP-WF\ChambersBarnes15.fjs,ChambersBarnes15,225,15,16,24,0.0362615740741,0.0335142036387,885,1163,false,,,,,false,full_public_fjsspw_set
layer2_public402,ChambersBarnes16,,ChambersBarnes,instances\Example_Instances_FJSSP-WF\ChambersBarnes16.fjs,ChambersBarnes16,225,15,17,25,0.0349594771242,0.0311097816333,879,1155,false,,,,,false,full_public_fjsspw_set
layer2_public402,ChambersBarnes17,,ChambersBarnes,instances\Example_Instances_FJSSP-WF\ChambersBarnes17.fjs,ChambersBarnes17,225,15,18,27,0.0348239597622,0.0275735294118,873,1153,false,,,,,false,full_public_fjsspw_set
layer2_public402,ChambersBarnes18,,ChambersBarnes,instances\Example_Instances_FJSSP-WF\ChambersBarnes18.fjs,ChambersBarnes18,225,15,17,25,0.0353673202614,0.0307510348906,879,1091,false,,,,,false,full_public_fjsspw_set
layer2_public402,ChambersBarnes19,,ChambersBarnes,instances\Example_Instances_FJSSP-WF\ChambersBarnes19.fjs,ChambersBarnes19,225,15,18,27,0.0332876085963,0.0288461538462,881,1060,false,,,,,false,full_public_fjsspw_set
layer2_public402,ChambersBarnes2,,ChambersBarnes,instances\Example_Instances_FJSSP-WF\ChambersBarnes2.fjs,ChambersBarnes2,100,10,12,18,0.0512037037037,0.0931283905967,608,860,false,,,,,false,full_public_fjsspw_set
layer2_public402,ChambersBarnes20,,ChambersBarnes,instances\Example_Instances_FJSSP-WF\ChambersBarnes20.fjs,ChambersBarnes20,225,15,16,24,0.0324768518519,0.0370634354954,892,1143,false,,,,,false,full_public_fjsspw_set
layer2_public402,ChambersBarnes21,,ChambersBarnes,instances\Example_Instances_FJSSP-WF\ChambersBarnes21.fjs,ChambersBarnes21,225,15,17,25,0.0348130718954,0.030940222289,882,1094,false,,,,,false,full_public_fjsspw_set
layer2_public402,ChambersBarnes3,,ChambersBarnes,instances\Example_Instances_FJSSP-WF\ChambersBarnes3.fjs,ChambersBarnes3,100,10,13,19,0.0496761133603,0.0831295843521,598.999999998,863,false,,,,,false,full_public_fjsspw_set
layer2_public402,ChambersBarnes4,,ChambersBarnes,instances\Example_Instances_FJSSP-WF\ChambersBarnes4.fjs,ChambersBarnes4,100,10,12,18,0.0582407407407,0.0810810810811,617,845,false,,,,,false,full_public_fjsspw_set
layer2_public402,ChambersBarnes5,,ChambersBarnes,instances\Example_Instances_FJSSP-WF\ChambersBarnes5.fjs,ChambersBarnes5,100,10,13,19,0.054008097166,0.075712143928,597,805,false,,,,,false,full_public_fjsspw_set
layer2_public402,ChambersBarnes6,,ChambersBarnes,instances\Example_Instances_FJSSP-WF\ChambersBarnes6.fjs,ChambersBarnes6,100,10,11,16,0.0532954545455,0.10447761194,608,888,false,,,,,false,full_public_fjsspw_set
layer2_public402,ChambersBarnes7,,ChambersBarnes,instances\Example_Instances_FJSSP-WF\ChambersBarnes7.fjs,ChambersBarnes7,100,10,12,18,0.0492592592593,0.0968045112782,606,846,false,,,,,false,full_public_fjsspw_set
layer2_public402,ChambersBarnes8,,ChambersBarnes,instances\Example_Instances_FJSSP-WF\ChambersBarnes8.fjs,ChambersBarnes8,150,15,11,16,0.0547348484848,0.0705882352941,649,896,false,,,,,false,full_public_fjsspw_set
layer2_public402,ChambersBarnes9,,ChambersBarnes,instances\Example_Instances_FJSSP-WF\ChambersBarnes9.fjs,ChambersBarnes9,150,15,12,18,0.057037037037,0.0562770562771,646,892,false,,,,,false,full_public_fjsspw_set
layer2_public402,DPpaulli1,3_DPpaulli_1_workers,DPpaulli,instances\Example_Instances_FJSSP-WF\DPpaulli1.fjs,DPpaulli1,196,10,5,7,0.131632653061,0.108527131783,1336,2486,false,,,,,true,full_public_fjsspw_set
layer2_public402,DPpaulli10,,DPpaulli,instances\Example_Instances_FJSSP-WF\DPpaulli10.fjs,DPpaulli10,293,15,8,12,0.0842221274175,0.0405234276066,1299,2343,false,,,,,false,full_public_fjsspw_set
layer2_public402,DPpaulli11,,DPpaulli,instances\Example_Instances_FJSSP-WF\DPpaulli11.fjs,DPpaulli11,293,15,8,12,0.154792377702,0.0222783647221,1231,1991,false,,,,,false,full_public_fjsspw_set
layer2_public402,DPpaulli12,,DPpaulli,instances\Example_Instances_FJSSP-WF\DPpaulli12.fjs,DPpaulli12,293,15,8,12,0.268913538111,0.0129561078794,1225,1971,false,,,,,false,full_public_fjsspw_set
layer2_public402,DPpaulli13,,DPpaulli,instances\Example_Instances_FJSSP-WF\DPpaulli13.fjs,DPpaulli13,387,20,10,15,0.0700258397933,0.0248462484625,1268,2302,false,,,,,false,full_public_fjsspw_set
layer2_public402,DPpaulli14,,DPpaulli,instances\Example_Instances_FJSSP-WF\DPpaulli14.fjs,DPpaulli14,387,20,10,15,0.160378983635,0.0109559613319,0,2084,false,,,,,false,full_public_fjsspw_set
layer2_public402,DPpaulli15,3_DPpaulli_15_workers,DPpaulli,instances\Example_Instances_FJSSP-WF\DPpaulli15.fjs,DPpaulli15,387,20,10,15,0.273092161929,0.00643411341702,1221,2071,false,,,,,true,full_public_fjsspw_set
layer2_public402,DPpaulli16,,DPpaulli,instances\Example_Instances_FJSSP-WF\DPpaulli16.fjs,DPpaulli16,387,20,10,15,0.0736950904393,0.0229079008883,1248,2325,false,,,,,false,full_public_fjsspw_set
layer2_public402,DPpaulli17,,DPpaulli,instances\Example_Instances_FJSSP-WF\DPpaulli17.fjs,DPpaulli17,387,20,10,15,0.157846683893,0.0104769180399,1194,2084,false,,,,,false,full_public_fjsspw_set
layer2_public402,DPpaulli18,3_DPpaulli_18_workers,DPpaulli,instances\Example_Instances_FJSSP-WF\DPpaulli18.fjs,DPpaulli18,387,20,10,15,0.261981050818,0.00650973172015,0,2069,false,,,,,true,full_public_fjsspw_set
layer2_public402,DPpaulli2,,DPpaulli,instances\Example_Instances_FJSSP-WF\DPpaulli2.fjs,DPpaulli2,196,10,5,7,0.189504373178,0.0769230769231,1304,2224,false,,,,,false,full_public_fjsspw_set
layer2_public402,DPpaulli3,,DPpaulli,instances\Example_Instances_FJSSP-WF\DPpaulli3.fjs,DPpaulli3,196,10,5,7,0.311516034985,0.047262517548,1278,2148,false,,,,,false,full_public_fjsspw_set
layer2_public402,DPpaulli4,,DPpaulli,instances\Example_Instances_FJSSP-WF\DPpaulli4.fjs,DPpaulli4,196,10,5,7,0.130612244898,0.103794642857,1289,2520,false,,,,,false,full_public_fjsspw_set
layer2_public402,DPpaulli5,,DPpaulli,instances\Example_Instances_FJSSP-WF\DPpaulli5.fjs,DPpaulli5,196,10,5,7,0.189067055394,0.0724749421742,1272,2194,false,,,,,false,full_public_fjsspw_set
layer2_public402,DPpaulli6,,DPpaulli,instances\Example_Instances_FJSSP-WF\DPpaulli6.fjs,DPpaulli6,196,10,5,7,0.294460641399,0.0465346534653,1255,2141,false,,,,,false,full_public_fjsspw_set
layer2_public402,DPpaulli7,,DPpaulli,instances\Example_Instances_FJSSP-WF\DPpaulli7.fjs,DPpaulli7,293,15,8,12,0.0873506825939,0.041107041107,1306,2350,false,,,,,false,full_public_fjsspw_set
layer2_public402,DPpaulli8,,DPpaulli,instances\Example_Instances_FJSSP-WF\DPpaulli8.fjs,DPpaulli8,293,15,8,12,0.159805176337,0.0222469410456,1286,2003,false,,,,,false,full_public_fjsspw_set
layer2_public402,DPpaulli9,3_DPpaulli_9_workers,DPpaulli,instances\Example_Instances_FJSSP-WF\DPpaulli9.fjs,DPpaulli9,293,15,8,12,0.271437713311,0.0133595284872,1274,1968,false,,,,,true,full_public_fjsspw_set
layer2_public402,Fattahi1,,Fattahi,instances\Example_Instances_FJSSP-WF\Fattahi1.fjs,Fattahi1,4,2,2,3,0.75,0.777777777778,69,69,true,,,,,false,full_public_fjsspw_set
layer2_public402,Fattahi10,,Fattahi,instances\Example_Instances_FJSSP-WF\Fattahi10.fjs,Fattahi10,12,4,5,7,0.159523809524,0.746268656716,507,507,true,,,,,false,full_public_fjsspw_set
layer2_public402,Fattahi11,,Fattahi,instances\Example_Instances_FJSSP-WF\Fattahi11.fjs,Fattahi11,15,5,6,9,0.202469135802,0.591463414634,405,445,false,,,,,false,full_public_fjsspw_set
layer2_public402,Fattahi12,,Fattahi,instances\Example_Instances_FJSSP-WF\Fattahi12.fjs,Fattahi12,15,5,7,10,0.206666666667,0.516129032258,372,414.999999958,false,,,,,false,full_public_fjsspw_set
layer2_public402,Fattahi13,,Fattahi,instances\Example_Instances_FJSSP-WF\Fattahi13.fjs,Fattahi13,18,6,7,10,0.196031746032,0.461538461538,386,439,false,,,,,false,full_public_fjsspw_set
layer2_public402,Fattahi14,6_Fattahi_14_workers,Fattahi,instances\Example_Instances_FJSSP-WF\Fattahi14.fjs,Fattahi14,21,7,7,10,0.203401360544,0.478260869565,477,537.999999108,false,,,,,true,full_public_fjsspw_set
layer2_public402,Fattahi15,,Fattahi,instances\Example_Instances_FJSSP-WF\Fattahi15.fjs,Fattahi15,21,7,7,10,0.220408163265,0.496913580247,381,471.999999953,false,,,,,false,full_public_fjsspw_set
layer2_public402,Fattahi16,,Fattahi,instances\Example_Instances_FJSSP-WF\Fattahi16.fjs,Fattahi16,24,8,7,10,0.186904761905,0.471337579618,596,596,true,,,,,false,full_public_fjsspw_set
layer2_public402,Fattahi17,,Fattahi,instances\Example_Instances_FJSSP-WF\Fattahi17.fjs,Fattahi17,32,8,7,10,0.181696428571,0.452088452088,731,827,false,,,,,false,full_public_fjsspw_set
layer2_public402,Fattahi18,,Fattahi,instances\Example_Instances_FJSSP-WF\Fattahi18.fjs,Fattahi18,36,9,8,12,0.17505787037,0.340495867769,707,823,false,,,,,false,full_public_fjsspw_set
layer2_public402,Fattahi19,,Fattahi,instances\Example_Instances_FJSSP-WF\Fattahi19.fjs,Fattahi19,44,11,8,12,0.149147727273,0.325396825397,709,1024,false,,,,,false,full_public_fjsspw_set
layer2_public402,Fattahi2,,Fattahi,instances\Example_Instances_FJSSP-WF\Fattahi2.fjs,Fattahi2,4,2,2,3,0.583333333333,0.785714285714,110.999999999,110.999999999,true,,,,,false,full_public_fjsspw_set
layer2_public402,Fattahi20,6_Fattahi_20_workers,Fattahi,instances\Example_Instances_FJSSP-WF\Fattahi20.fjs,Fattahi20,48,12,8,12,0.153862847222,0.306064880113,880,1147,false,,,,,true,full_public_fjsspw_set
layer2_public402,Fattahi3,,Fattahi,instances\Example_Instances_FJSSP-WF\Fattahi3.fjs,Fattahi3,6,3,2,3,0.555555555556,0.95,240,240,true,,,,,false,full_public_fjsspw_set
layer2_public402,Fattahi4,,Fattahi,instances\Example_Instances_FJSSP-WF\Fattahi4.fjs,Fattahi4,6,3,2,3,0.472222222222,0.823529411765,364,364,true,,,,,false,full_public_fjsspw_set
layer2_public402,Fattahi5,,Fattahi,instances\Example_Instances_FJSSP-WF\Fattahi5.fjs,Fattahi5,6,3,2,3,0.75,0.740740740741,106,117,false,,,,,false,full_public_fjsspw_set
layer2_public402,Fattahi6,,Fattahi,instances\Example_Instances_FJSSP-WF\Fattahi6.fjs,Fattahi6,9,3,3,4,0.351851851852,0.868421052632,305,305,true,,,,,false,full_public_fjsspw_set
layer2_public402,Fattahi7,,Fattahi,instances\Example_Instances_FJSSP-WF\Fattahi7.fjs,Fattahi7,9,3,5,7,0.238095238095,0.72,386,386,true,,,,,false,full_public_fjsspw_set
layer2_public402,Fattahi8,,Fattahi,instances\Example_Instances_FJSSP-WF\Fattahi8.fjs,Fattahi8,9,3,4,6,0.347222222222,0.72,215,240,false,,,,,false,full_public_fjsspw_set
layer2_public402,Fattahi9,,Fattahi,instances\Example_Instances_FJSSP-WF\Fattahi9.fjs,Fattahi9,9,3,3,4,0.416666666667,0.755555555556,199,199,true,,,,,false,full_public_fjsspw_set
layer2_public402,Hurinkedata1,2b_Hurink_edata_1_workers,Hurink_edata,instances\Example_Instances_FJSSP-WF\Hurinkedata1.fjs,Hurinkedata1,36,6,6,9,0.117283950617,0.0438596491228,46,50.9999972,false,,,,,true,full_public_fjsspw_set
layer2_public402,Hurinkedata10,,Hurink_edata,instances\Example_Instances_FJSSP-WF\Hurinkedata10.fjs,Hurinkedata10,75,15,5,7,0.126476190476,0.246987951807,361,741,false,,,,,false,full_public_fjsspw_set
layer2_public402,Hurinkedata11,,Hurink_edata,instances\Example_Instances_FJSSP-WF\Hurinkedata11.fjs,Hurinkedata11,75,15,5,7,0.136,0.271708683473,363,817,false,,,,,false,full_public_fjsspw_set
layer2_public402,Hurinkedata12,,Hurink_edata,instances\Example_Instances_FJSSP-WF\Hurinkedata12.fjs,Hurinkedata12,75,15,5,7,0.127238095238,0.284431137725,409,855,false,,,,,false,full_public_fjsspw_set
layer2_public402,Hurinkedata13,,Hurink_edata,instances\Example_Instances_FJSSP-WF\Hurinkedata13.fjs,Hurinkedata13,75,15,5,7,0.133714285714,0.264957264957,435,820,false,,,,,false,full_public_fjsspw_set
layer2_public402,Hurinkedata14,,Hurink_edata,instances\Example_Instances_FJSSP-WF\Hurinkedata14.fjs,Hurinkedata14,100,20,5,7,0.126857142857,0.207207207207,401,1058,false,,,,,false,full_public_fjsspw_set
layer2_public402,Hurinkedata15,,Hurink_edata,instances\Example_Instances_FJSSP-WF\Hurinkedata15.fjs,Hurinkedata15,100,20,5,7,0.132,0.212121212121,397,919,false,,,,,false,full_public_fjsspw_set
layer2_public402,Hurinkedata16,,Hurink_edata,instances\Example_Instances_FJSSP-WF\Hurinkedata16.fjs,Hurinkedata16,100,20,5,7,0.134857142857,0.207627118644,364,988,false,,,,,false,full_public_fjsspw_set
layer2_public402,Hurinkedata17,,Hurink_edata,instances\Example_Instances_FJSSP-WF\Hurinkedata17.fjs,Hurinkedata17,100,20,5,7,0.122285714286,0.226635514019,495,1077,false,,,,,false,full_public_fjsspw_set
layer2_public402,Hurinkedata18,,Hurink_edata,instances\Example_Instances_FJSSP-WF\Hurinkedata18.fjs,Hurinkedata18,100,20,5,7,0.129142857143,0.214601769912,430,1065,false,,,,,false,full_public_fjsspw_set
layer2_public402,Hurinkedata19,,Hurink_edata,instances\Example_Instances_FJSSP-WF\Hurinkedata19.fjs,Hurinkedata19,100,10,10,15,0.0617333333333,0.106911447084,675,836,false,,,,,false,full_public_fjsspw_set
layer2_public402,Hurinkedata2,,Hurink_edata,instances\Example_Instances_FJSSP-WF\Hurinkedata2.fjs,Hurinkedata2,100,10,10,15,0.0636,0.102725366876,609,825,false,,,,,false,full_public_fjsspw_set
layer2_public402,Hurinkedata20,,Hurink_edata,instances\Example_Instances_FJSSP-WF\Hurinkedata20.fjs,Hurinkedata20,100,10,10,15,0.0626,0.108626198083,591,659,false,,,,,false,full_public_fjsspw_set
layer2_public402,Hurinkedata21,,Hurink_edata,instances\Example_Instances_FJSSP-WF\Hurinkedata21.fjs,Hurinkedata21,100,10,10,15,0.0579333333333,0.112773302647,607,781,false,,,,,false,full_public_fjsspw_set
layer2_public402,Hurinkedata22,,Hurink_edata,instances\Example_Instances_FJSSP-WF\Hurinkedata22.fjs,Hurinkedata22,100,10,10,15,0.0588,0.115646258503,576,738,false,,,,,false,full_public_fjsspw_set
layer2_public402,Hurinkedata23,,Hurink_edata,instances\Example_Instances_FJSSP-WF\Hurinkedata23.fjs,Hurinkedata23,100,10,10,15,0.0563333333333,0.119526627219,725,821,false,,,,,false,full_public_fjsspw_set
layer2_public402,Hurinkedata24,,Hurink_edata,instances\Example_Instances_FJSSP-WF\Hurinkedata24.fjs,Hurinkedata24,150,15,10,15,0.0613333333333,0.0739130434783,665,990,false,,,,,false,full_public_fjsspw_set
layer2_public402,Hurinkedata25,,Hurink_edata,instances\Example_Instances_FJSSP-WF\Hurinkedata25.fjs,Hurinkedata25,150,15,10,15,0.0636444444444,0.0712290502793,572,850,false,,,,,false,full_public_fjsspw_set
layer2_public402,Hurinkedata26,,Hurink_edata,instances\Example_Instances_FJSSP-WF\Hurinkedata26.fjs,Hurinkedata26,150,15,10,15,0.0556444444444,0.0806709265176,603,942,false,,,,,false,full_public_fjsspw_set
layer2_public402,Hurinkedata27,,Hurink_edata,instances\Example_Instances_FJSSP-WF\Hurinkedata27.fjs,Hurinkedata27,150,15,10,15,0.0584444444444,0.0783269961977,663,886,false,,,,,false,full_public_fjsspw_set
layer2_public402,Hurinkedata28,,Hurink_edata,instances\Example_Instances_FJSSP-WF\Hurinkedata28.fjs,Hurinkedata28,150,15,10,15,0.0603555555556,0.0758468335788,676,891,false,,,,,false,full_public_fjsspw_set
layer2_public402,Hurinkedata29,,Hurink_edata,instances\Example_Instances_FJSSP-WF\Hurinkedata29.fjs,Hurinkedata29,200,20,10,15,0.0597333333333,0.0569196428571,653,1101,false,,,,,false,full_public_fjsspw_set
layer2_public402,Hurinkedata3,,Hurink_edata,instances\Example_Instances_FJSSP-WF\Hurinkedata3.fjs,Hurinkedata3,100,20,5,7,0.129714285714,0.211453744493,387.866294688,1055,false,,,,,false,full_public_fjsspw_set
layer2_public402,Hurinkedata30,,Hurink_edata,instances\Example_Instances_FJSSP-WF\Hurinkedata30.fjs,Hurinkedata30,200,20,10,15,0.0598666666667,0.0579064587973,630,1174,false,,,,,false,full_public_fjsspw_set
layer2_public402,Hurinkedata31,,Hurink_edata,instances\Example_Instances_FJSSP-WF\Hurinkedata31.fjs,Hurinkedata31,200,20,10,15,0.0624,0.0555555555556,689,1128,false,,,,,false,full_public_fjsspw_set
layer2_public402,Hurinkedata32,,Hurink_edata,instances\Example_Instances_FJSSP-WF\Hurinkedata32.fjs,Hurinkedata32,200,20,10,15,0.0570666666667,0.0607476635514,675,1104,false,,,,,false,full_public_fjsspw_set
layer2_public402,Hurinkedata33,,Hurink_edata,instances\Example_Instances_FJSSP-WF\Hurinkedata33.fjs,Hurinkedata33,200,20,10,15,0.0607333333333,0.0570801317234,685,1191,false,,,,,false,full_public_fjsspw_set
layer2_public402,Hurinkedata34,,Hurink_edata,instances\Example_Instances_FJSSP-WF\Hurinkedata34.fjs,Hurinkedata34,300,30,10,15,0.0584888888889,0.0395136778116,670,1528,false,,,,,false,full_public_fjsspw_set
layer2_public402,Hurinkedata35,,Hurink_edata,instances\Example_Instances_FJSSP-WF\Hurinkedata35.fjs,Hurinkedata35,300,30,10,15,0.0582888888889,0.0396492565764,712,1644,false,,,,,false,full_public_fjsspw_set
layer2_public402,Hurinkedata36,,Hurink_edata,instances\Example_Instances_FJSSP-WF\Hurinkedata36.fjs,Hurinkedata36,300,30,10,15,0.0593555555556,0.0389367278173,660,1498,false,,,,,false,full_public_fjsspw_set
layer2_public402,Hurinkedata37,,Hurink_edata,instances\Example_Instances_FJSSP-WF\Hurinkedata37.fjs,Hurinkedata37,300,30,10,15,0.0631555555556,0.036593947924,604,1580,false,,,,,false,full_public_fjsspw_set
layer2_public402,Hurinkedata38,,Hurink_edata,instances\Example_Instances_FJSSP-WF\Hurinkedata38.fjs,Hurinkedata38,300,30,10,15,0.0614222222222,0.0372648335745,602,1665,false,,,,,false,full_public_fjsspw_set
layer2_public402,Hurinkedata39,,Hurink_edata,instances\Example_Instances_FJSSP-WF\Hurinkedata39.fjs,Hurinkedata39,225,15,15,22,0.0396902356902,0.0352901255514,878,1120,false,,,,,false,full_public_fjsspw_set
layer2_public402,Hurinkedata4,,Hurink_edata,instances\Example_Instances_FJSSP-WF\Hurinkedata4.fjs,Hurinkedata4,50,10,5,7,0.132,0.359307359307,388,569,false,,,,,false,full_public_fjsspw_set
layer2_public402,Hurinkedata40,,Hurink_edata,instances\Example_Instances_FJSSP-WF\Hurinkedata40.fjs,Hurinkedata40,225,15,15,22,0.0405791245791,0.0345170925987,902,1317,false,,,,,false,full_public_fjsspw_set
layer2_public402,Hurinkedata41,,Hurink_edata,instances\Example_Instances_FJSSP-WF\Hurinkedata41.fjs,Hurinkedata41,225,15,15,22,0.039595959596,0.0350340136054,872,1138,false,,,,,false,full_public_fjsspw_set
layer2_public402,Hurinkedata42,,Hurink_edata,instances\Example_Instances_FJSSP-WF\Hurinkedata42.fjs,Hurinkedata42,225,15,15,22,0.0416565656566,0.0336243129648,847,1133,false,,,,,false,full_public_fjsspw_set
layer2_public402,Hurinkedata43,,Hurink_edata,instances\Example_Instances_FJSSP-WF\Hurinkedata43.fjs,Hurinkedata43,225,15,15,22,0.03832996633,0.0361911454673,872,1101,false,,,,,false,full_public_fjsspw_set
layer2_public402,Hurinkedata44,,Hurink_edata,instances\Example_Instances_FJSSP-WF\Hurinkedata44.fjs,Hurinkedata44,100,10,10,15,0.0639333333333,0.0667361835245,794,1117,false,,,,,false,full_public_fjsspw_set
layer2_public402,Hurinkedata45,,Hurink_edata,instances\Example_Instances_FJSSP-WF\Hurinkedata45.fjs,Hurinkedata45,100,10,10,15,0.0592666666667,0.101237345332,697,884,false,,,,,false,full_public_fjsspw_set
layer2_public402,Hurinkedata46,,Hurink_edata,instances\Example_Instances_FJSSP-WF\Hurinkedata46.fjs,Hurinkedata46,300,20,15,22,0.0399696969697,0.0088450846601,380,623,false,,,,,false,full_public_fjsspw_set
layer2_public402,Hurinkedata47,,Hurink_edata,instances\Example_Instances_FJSSP-WF\Hurinkedata47.fjs,Hurinkedata47,300,20,15,22,0.040696969697,0.00868701911144,403,635,false,,,,,false,full_public_fjsspw_set
layer2_public402,Hurinkedata48,,Hurink_edata,instances\Example_Instances_FJSSP-WF\Hurinkedata48.fjs,Hurinkedata48,300,20,15,22,0.0396868686869,0.00890811911428,440,627,false,,,,,false,full_public_fjsspw_set
layer2_public402,Hurinkedata49,,Hurink_edata,instances\Example_Instances_FJSSP-WF\Hurinkedata49.fjs,Hurinkedata49,55,11,5,7,0.137662337662,0.788679245283,2962,6007,false,,,,,false,full_public_fjsspw_set
layer2_public402,Hurinkedata5,,Hurink_edata,instances\Example_Instances_FJSSP-WF\Hurinkedata5.fjs,Hurinkedata5,50,10,5,7,0.129714285714,0.36563876652,364,620,false,,,,,false,full_public_fjsspw_set
layer2_public402,Hurinkedata50,,Hurink_edata,instances\Example_Instances_FJSSP-WF\Hurinkedata50.fjs,Hurinkedata50,52,13,4,6,0.188301282051,0.842553191489,2725,6223,false,,,,,false,full_public_fjsspw_set
layer2_public402,Hurinkedata51,,Hurink_edata,instances\Example_Instances_FJSSP-WF\Hurinkedata51.fjs,Hurinkedata51,60,12,5,7,0.140476190476,0.789830508475,3657,6524,false,,,,,false,full_public_fjsspw_set
layer2_public402,Hurinkedata52,,Hurink_edata,instances\Example_Instances_FJSSP-WF\Hurinkedata52.fjs,Hurinkedata52,56,14,4,6,0.168154761905,0.823008849558,2927.35737104,7396,false,,,,,false,full_public_fjsspw_set
layer2_public402,Hurinkedata53,,Hurink_edata,instances\Example_Instances_FJSSP-WF\Hurinkedata53.fjs,Hurinkedata53,60,10,6,9,0.0987654320988,0.73125,4197,6832,false,,,,,false,full_public_fjsspw_set
layer2_public402,Hurinkedata54,,Hurink_edata,instances\Example_Instances_FJSSP-WF\Hurinkedata54.fjs,Hurinkedata54,72,8,9,13,0.0725308641975,0.692307692308,5081,7504,false,,,,,false,full_public_fjsspw_set
layer2_public402,Hurinkedata55,,Hurink_edata,instances\Example_Instances_FJSSP-WF\Hurinkedata55.fjs,Hurinkedata55,49,7,7,10,0.0892128279883,0.81045751634,4076,5867.99999941,false,,,,,false,full_public_fjsspw_set
layer2_public402,Hurinkedata56,,Hurink_edata,instances\Example_Instances_FJSSP-WF\Hurinkedata56.fjs,Hurinkedata56,64,8,8,12,0.0849609375,0.655172413793,4206,7042,false,,,,,false,full_public_fjsspw_set
layer2_public402,Hurinkedata57,,Hurink_edata,instances\Example_Instances_FJSSP-WF\Hurinkedata57.fjs,Hurinkedata57,100,10,10,15,0.0601333333333,0.110864745011,650,924,false,,,,,false,full_public_fjsspw_set
layer2_public402,Hurinkedata58,,Hurink_edata,instances\Example_Instances_FJSSP-WF\Hurinkedata58.fjs,Hurinkedata58,100,10,10,15,0.0548666666667,0.11907654921,613,826,false,,,,,false,full_public_fjsspw_set
layer2_public402,Hurinkedata59,,Hurink_edata,instances\Example_Instances_FJSSP-WF\Hurinkedata59.fjs,Hurinkedata59,100,10,10,15,0.0618,0.108953613808,597,910,false,,,,,false,full_public_fjsspw_set
layer2_public402,Hurinkedata6,2b_Hurink_edata_6_workers,Hurink_edata,instances\Example_Instances_FJSSP-WF\Hurinkedata6.fjs,Hurinkedata6,50,10,5,7,0.138285714286,0.334710743802,341,541,false,,,,,true,full_public_fjsspw_set
layer2_public402,Hurinkedata60,,Hurink_edata,instances\Example_Instances_FJSSP-WF\Hurinkedata60.fjs,Hurinkedata60,100,10,10,15,0.0588666666667,0.112117780294,692,948,false,,,,,false,full_public_fjsspw_set
layer2_public402,Hurinkedata61,,Hurink_edata,instances\Example_Instances_FJSSP-WF\Hurinkedata61.fjs,Hurinkedata61,100,10,10,15,0.0620666666667,0.106337271751,540,812,false,,,,,false,full_public_fjsspw_set
layer2_public402,Hurinkedata62,,Hurink_edata,instances\Example_Instances_FJSSP-WF\Hurinkedata62.fjs,Hurinkedata62,100,10,10,15,0.0611333333333,0.112322791712,660,916,false,,,,,false,full_public_fjsspw_set
layer2_public402,Hurinkedata63,,Hurink_edata,instances\Example_Instances_FJSSP-WF\Hurinkedata63.fjs,Hurinkedata63,99,10,10,15,0.0597306397306,0.0608793686584,254,366,false,,,,,false,full_public_fjsspw_set
layer2_public402,Hurinkedata64,,Hurink_edata,instances\Example_Instances_FJSSP-WF\Hurinkedata64.fjs,Hurinkedata64,100,10,10,15,0.0624,0.108974358974,526,832,false,,,,,false,full_public_fjsspw_set
layer2_public402,Hurinkedata65,,Hurink_edata,instances\Example_Instances_FJSSP-WF\Hurinkedata65.fjs,Hurinkedata65,100,10,10,15,0.0596666666667,0.112849162011,629,885,false,,,,,false,full_public_fjsspw_set
layer2_public402,Hurinkedata66,,Hurink_edata,instances\Example_Instances_FJSSP-WF\Hurinkedata66.fjs,Hurinkedata66,100,10,10,15,0.0614666666667,0.110629067245,632.061266166,893,false,,,,,false,full_public_fjsspw_set
layer2_public402,Hurinkedata7,,Hurink_edata,instances\Example_Instances_FJSSP-WF\Hurinkedata7.fjs,Hurinkedata7,50,10,5,7,0.133714285714,0.316239316239,356,538,false,,,,,false,full_public_fjsspw_set
layer2_public402,Hurinkedata8,,Hurink_edata,instances\Example_Instances_FJSSP-WF\Hurinkedata8.fjs,Hurinkedata8,50,10,5,7,0.133142857143,0.326180257511,349,481,false,,,,,false,full_public_fjsspw_set
layer2_public402,Hurinkedata9,,Hurink_edata,instances\Example_Instances_FJSSP-WF\Hurinkedata9.fjs,Hurinkedata9,75,15,5,7,0.121142857143,0.283018867925,431,784,false,,,,,false,full_public_fjsspw_set
layer2_public402,Hurinkrdata1,,Hurink_rdata,instances\Example_Instances_FJSSP-WF\Hurinkrdata1.fjs,Hurinkrdata1,36,6,6,9,0.19804526749,0.025974025974,43,44,false,,,,,false,full_public_fjsspw_set
layer2_public402,Hurinkrdata10,,Hurink_rdata,instances\Example_Instances_FJSSP-WF\Hurinkrdata10.fjs,Hurinkrdata10,75,15,5,7,0.227428571429,0.157453936348,358,711,false,,,,,false,full_public_fjsspw_set
layer2_public402,Hurinkrdata11,,Hurink_rdata,instances\Example_Instances_FJSSP-WF\Hurinkrdata11.fjs,Hurinkrdata11,75,15,5,7,0.211428571429,0.176576576577,337,726,false,,,,,false,full_public_fjsspw_set
layer2_public402,Hurinkrdata12,,Hurink_rdata,instances\Example_Instances_FJSSP-WF\Hurinkrdata12.fjs,Hurinkrdata12,75,15,5,7,0.232,0.167487684729,351,809,false,,,,,false,full_public_fjsspw_set
layer2_public402,Hurinkrdata13,,Hurink_rdata,instances\Example_Instances_FJSSP-WF\Hurinkrdata13.fjs,Hurinkrdata13,75,15,5,7,0.228952380952,0.16306156406,415,767,false,,,,,false,full_public_fjsspw_set
layer2_public402,Hurinkrdata14,,Hurink_rdata,instances\Example_Instances_FJSSP-WF\Hurinkrdata14.fjs,Hurinkrdata14,100,20,5,7,0.220857142857,0.128072445019,399,1018,false,,,,,false,full_public_fjsspw_set
layer2_public402,Hurinkrdata15,,Hurink_rdata,instances\Example_Instances_FJSSP-WF\Hurinkrdata15.fjs,Hurinkrdata15,100,20,5,7,0.237714285714,0.118990384615,376,887,false,,,,,false,full_public_fjsspw_set
layer2_public402,Hurinkrdata16,,Hurink_rdata,instances\Example_Instances_FJSSP-WF\Hurinkrdata16.fjs,Hurinkrdata16,100,20,5,7,0.209428571429,0.137789904502,353,981,false,,,,,false,full_public_fjsspw_set
layer2_public402,Hurinkrdata17,,Hurink_rdata,instances\Example_Instances_FJSSP-WF\Hurinkrdata17.fjs,Hurinkrdata17,100,20,5,7,0.213428571429,0.133868808568,423,1021,false,,,,,false,full_public_fjsspw_set
layer2_public402,Hurinkrdata18,,Hurink_rdata,instances\Example_Instances_FJSSP-WF\Hurinkrdata18.fjs,Hurinkrdata18,100,20,5,7,0.229714285714,0.125621890547,345,1033,false,,,,,false,full_public_fjsspw_set
layer2_public402,Hurinkrdata19,,Hurink_rdata,instances\Example_Instances_FJSSP-WF\Hurinkrdata19.fjs,Hurinkrdata19,100,10,10,15,0.1094,0.0621572212066,656,656,true,,,,,false,full_public_fjsspw_set
layer2_public402,Hurinkrdata2,,Hurink_rdata,instances\Example_Instances_FJSSP-WF\Hurinkrdata2.fjs,Hurinkrdata2,100,10,10,15,0.103133333333,0.0672268907563,599,651,false,,,,,false,full_public_fjsspw_set
layer2_public402,Hurinkrdata20,,Hurink_rdata,instances\Example_Instances_FJSSP-WF\Hurinkrdata20.fjs,Hurinkrdata20,100,10,10,15,0.0986,0.0676132521974,589,593,false,,,,,false,full_public_fjsspw_set
layer2_public402,Hurinkrdata21,,Hurink_rdata,instances\Example_Instances_FJSSP-WF\Hurinkrdata21.fjs,Hurinkrdata21,100,10,10,15,0.0998,0.0661322645291,614,624,false,,,,,false,full_public_fjsspw_set
layer2_public402,Hurinkrdata22,,Hurink_rdata,instances\Example_Instances_FJSSP-WF\Hurinkrdata22.fjs,Hurinkrdata22,100,10,10,15,0.102733333333,0.064892926671,567,663,false,,,,,false,full_public_fjsspw_set
layer2_public402,Hurinkrdata23,,Hurink_rdata,instances\Example_Instances_FJSSP-WF\Hurinkrdata23.fjs,Hurinkrdata23,100,10,10,15,0.1054,0.0657811511701,690,709,false,,,,,false,full_public_fjsspw_set
layer2_public402,Hurinkrdata24,,Hurink_rdata,instances\Example_Instances_FJSSP-WF\Hurinkrdata24.fjs,Hurinkrdata24,150,15,10,15,0.114133333333,0.0401090342679,655,819,false,,,,,false,full_public_fjsspw_set
layer2_public402,Hurinkrdata25,,Hurink_rdata,instances\Example_Instances_FJSSP-WF\Hurinkrdata25.fjs,Hurinkrdata25,150,15,10,15,0.1092,0.041514041514,567,741,false,,,,,false,full_public_fjsspw_set
layer2_public402,Hurinkrdata26,,Hurink_rdata,instances\Example_Instances_FJSSP-WF\Hurinkrdata26.fjs,Hurinkrdata26,150,15,10,15,0.115866666667,0.0395090141926,580,825,false,,,,,false,full_public_fjsspw_set
layer2_public402,Hurinkrdata27,,Hurink_rdata,instances\Example_Instances_FJSSP-WF\Hurinkrdata27.fjs,Hurinkrdata27,150,15,10,15,0.102622222222,0.0454742312689,643,772,false,,,,,false,full_public_fjsspw_set
layer2_public402,Hurinkrdata28,2c_Hurink_rdata_28_workers,Hurink_rdata,instances\Example_Instances_FJSSP-WF\Hurinkrdata28.fjs,Hurinkrdata28,150,15,10,15,0.112177777778,0.041204437401,662,775,false,,,,,true,full_public_fjsspw_set
layer2_public402,Hurinkrdata29,,Hurink_rdata,instances\Example_Instances_FJSSP-WF\Hurinkrdata29.fjs,Hurinkrdata29,200,20,10,15,0.1016,0.0341207349081,653,1024,false,,,,,false,full_public_fjsspw_set
layer2_public402,Hurinkrdata3,,Hurink_rdata,instances\Example_Instances_FJSSP-WF\Hurinkrdata3.fjs,Hurinkrdata3,100,20,5,7,0.209142857143,0.132513661202,368,985,false,,,,,false,full_public_fjsspw_set
layer2_public402,Hurinkrdata30,,Hurink_rdata,instances\Example_Instances_FJSSP-WF\Hurinkrdata30.fjs,Hurinkrdata30,200,20,10,15,0.103566666667,0.0334728033473,640,1062,false,,,,,false,full_public_fjsspw_set
layer2_public402,Hurinkrdata31,,Hurink_rdata,instances\Example_Instances_FJSSP-WF\Hurinkrdata31.fjs,Hurinkrdata31,200,20,10,15,0.1066,0.0325203252033,689,1051,false,,,,,false,full_public_fjsspw_set
layer2_public402,Hurinkrdata32,,Hurink_rdata,instances\Example_Instances_FJSSP-WF\Hurinkrdata32.fjs,Hurinkrdata32,200,20,10,15,0.105666666667,0.0331230283912,656,978,false,,,,,false,full_public_fjsspw_set
layer2_public402,Hurinkrdata33,,Hurink_rdata,instances\Example_Instances_FJSSP-WF\Hurinkrdata33.fjs,Hurinkrdata33,200,20,10,15,0.109133333333,0.0311545510079,665,1047,false,,,,,false,full_public_fjsspw_set
layer2_public402,Hurinkrdata34,,Hurink_rdata,instances\Example_Instances_FJSSP-WF\Hurinkrdata34.fjs,Hurinkrdata34,300,30,10,15,0.103933333333,0.0222364763737,658,1463,false,,,,,false,full_public_fjsspw_set
layer2_public402,Hurinkrdata35,,Hurink_rdata,instances\Example_Instances_FJSSP-WF\Hurinkrdata35.fjs,Hurinkrdata35,300,30,10,15,0.103711111111,0.0224983929719,687,1575,false,,,,,false,full_public_fjsspw_set
layer2_public402,Hurinkrdata36,,Hurink_rdata,instances\Example_Instances_FJSSP-WF\Hurinkrdata36.fjs,Hurinkrdata36,300,30,10,15,0.104844444444,0.0222551928783,662,1418,false,,,,,false,full_public_fjsspw_set
layer2_public402,Hurinkrdata37,,Hurink_rdata,instances\Example_Instances_FJSSP-WF\Hurinkrdata37.fjs,Hurinkrdata37,300,30,10,15,0.102933333333,0.0226683937824,601,1459,false,,,,,false,full_public_fjsspw_set
layer2_public402,Hurinkrdata38,2c_Hurink_rdata_38_workers,Hurink_rdata,instances\Example_Instances_FJSSP-WF\Hurinkrdata38.fjs,Hurinkrdata38,300,30,10,15,0.108577777778,0.0212853049529,593,1471,false,,,,,true,full_public_fjsspw_set
layer2_public402,Hurinkrdata39,,Hurink_rdata,instances\Example_Instances_FJSSP-WF\Hurinkrdata39.fjs,Hurinkrdata39,225,15,15,22,0.0655084175084,0.0211759868421,866,985,false,,,,,false,full_public_fjsspw_set
layer2_public402,Hurinkrdata4,,Hurink_rdata,instances\Example_Instances_FJSSP-WF\Hurinkrdata4.fjs,Hurinkrdata4,50,10,5,7,0.232,0.221674876847,378,540,false,,,,,false,full_public_fjsspw_set
layer2_public402,Hurinkrdata40,,Hurink_rdata,instances\Example_Instances_FJSSP-WF\Hurinkrdata40.fjs,Hurinkrdata40,225,15,15,22,0.0668956228956,0.0207368632978,893,1039,false,,,,,false,full_public_fjsspw_set
layer2_public402,Hurinkrdata41,,Hurink_rdata,instances\Example_Instances_FJSSP-WF\Hurinkrdata41.fjs,Hurinkrdata41,225,15,15,22,0.0687676767677,0.0205640423032,866,925,false,,,,,false,full_public_fjsspw_set
layer2_public402,Hurinkrdata42,,Hurink_rdata,instances\Example_Instances_FJSSP-WF\Hurinkrdata42.fjs,Hurinkrdata42,225,15,15,22,0.0713804713805,0.0196226415094,842,1004,false,,,,,false,full_public_fjsspw_set
layer2_public402,Hurinkrdata43,,Hurink_rdata,instances\Example_Instances_FJSSP-WF\Hurinkrdata43.fjs,Hurinkrdata43,225,15,15,22,0.0674074074074,0.020979020979,871,943,false,,,,,false,full_public_fjsspw_set
layer2_public402,Hurinkrdata44,,Hurink_rdata,instances\Example_Instances_FJSSP-WF\Hurinkrdata44.fjs,Hurinkrdata44,100,10,10,15,0.105466666667,0.0410872313527,780,908,false,,,,,false,full_public_fjsspw_set
layer2_public402,Hurinkrdata45,,Hurink_rdata,instances\Example_Instances_FJSSP-WF\Hurinkrdata45.fjs,Hurinkrdata45,100,10,10,15,0.109,0.0544342507645,690,748,false,,,,,false,full_public_fjsspw_set
layer2_public402,Hurinkrdata46,,Hurink_rdata,instances\Example_Instances_FJSSP-WF\Hurinkrdata46.fjs,Hurinkrdata46,300,20,15,22,0.0661515151515,0.00534432737823,376,538,false,,,,,false,full_public_fjsspw_set
layer2_public402,Hurinkrdata47,,Hurink_rdata,instances\Example_Instances_FJSSP-WF\Hurinkrdata47.fjs,Hurinkrdata47,300,20,15,22,0.0667171717172,0.00529901589705,405,531,false,,,,,false,full_public_fjsspw_set
layer2_public402,Hurinkrdata48,,Hurink_rdata,instances\Example_Instances_FJSSP-WF\Hurinkrdata48.fjs,Hurinkrdata48,300,20,15,22,0.0681212121212,0.00518979833926,429,544,false,,,,,false,full_public_fjsspw_set
layer2_public402,Hurinkrdata49,,Hurink_rdata,instances\Example_Instances_FJSSP-WF\Hurinkrdata49.fjs,Hurinkrdata49,55,11,5,7,0.222857142857,0.710955710956,2840,4857,false,,,,,false,full_public_fjsspw_set
layer2_public402,Hurinkrdata5,,Hurink_rdata,instances\Example_Instances_FJSSP-WF\Hurinkrdata5.fjs,Hurinkrdata5,50,10,5,7,0.214285714286,0.232,367,500,false,,,,,false,full_public_fjsspw_set
layer2_public402,Hurinkrdata50,2c_Hurink_rdata_50_workers,Hurink_rdata,instances\Example_Instances_FJSSP-WF\Hurinkrdata50.fjs,Hurinkrdata50,52,13,4,6,0.290064102564,0.734806629834,2828,5701,false,,,,,true,full_public_fjsspw_set
layer2_public402,Hurinkrdata51,,Hurink_rdata,instances\Example_Instances_FJSSP-WF\Hurinkrdata51.fjs,Hurinkrdata51,60,12,5,7,0.219047619048,0.732608695652,3142,5426,false,,,,,false,full_public_fjsspw_set
layer2_public402,Hurinkrdata52,,Hurink_rdata,instances\Example_Instances_FJSSP-WF\Hurinkrdata52.fjs,Hurinkrdata52,56,14,4,6,0.291666666667,0.729591836735,2824,6240,false,,,,,false,full_public_fjsspw_set
layer2_public402,Hurinkrdata53,,Hurink_rdata,instances\Example_Instances_FJSSP-WF\Hurinkrdata53.fjs,Hurinkrdata53,60,10,6,9,0.176543209877,0.659090909091,3799,5581,false,,,,,false,full_public_fjsspw_set
layer2_public402,Hurinkrdata54,,Hurink_rdata,instances\Example_Instances_FJSSP-WF\Hurinkrdata54.fjs,Hurinkrdata54,72,8,9,13,0.110161443495,0.584051724138,5101,5895,false,,,,,false,full_public_fjsspw_set
layer2_public402,Hurinkrdata55,,Hurink_rdata,instances\Example_Instances_FJSSP-WF\Hurinkrdata55.fjs,Hurinkrdata55,49,7,7,10,0.152186588921,0.662835249042,3882,4170,false,,,,,false,full_public_fjsspw_set
layer2_public402,Hurinkrdata56,,Hurink_rdata,instances\Example_Instances_FJSSP-WF\Hurinkrdata56.fjs,Hurinkrdata56,64,8,8,12,0.13232421875,0.565805658057,4268,5423,false,,,,,false,full_public_fjsspw_set
layer2_public402,Hurinkrdata57,,Hurink_rdata,instances\Example_Instances_FJSSP-WF\Hurinkrdata57.fjs,Hurinkrdata57,100,10,10,15,0.1058,0.0636420919975,644,722,false,,,,,false,full_public_fjsspw_set
layer2_public402,Hurinkrdata58,,Hurink_rdata,instances\Example_Instances_FJSSP-WF\Hurinkrdata58.fjs,Hurinkrdata58,100,10,10,15,0.108733333333,0.0613120784795,567,644,false,,,,,false,full_public_fjsspw_set
layer2_public402,Hurinkrdata59,,Hurink_rdata,instances\Example_Instances_FJSSP-WF\Hurinkrdata59.fjs,Hurinkrdata59,100,10,10,15,0.101,0.0666666666667,596,671,false,,,,,false,full_public_fjsspw_set
layer2_public402,Hurinkrdata6,,Hurink_rdata,instances\Example_Instances_FJSSP-WF\Hurinkrdata6.fjs,Hurinkrdata6,50,10,5,7,0.24,0.209523809524,326,458,false,,,,,false,full_public_fjsspw_set
layer2_public402,Hurinkrdata60,,Hurink_rdata,instances\Example_Instances_FJSSP-WF\Hurinkrdata60.fjs,Hurinkrdata60,100,10,10,15,0.0978666666667,0.0694822888283,690,702,false,,,,,false,full_public_fjsspw_set
layer2_public402,Hurinkrdata61,,Hurink_rdata,instances\Example_Instances_FJSSP-WF\Hurinkrdata61.fjs,Hurinkrdata61,100,10,10,15,0.1098,0.0619307832423,533,597,false,,,,,false,full_public_fjsspw_set
layer2_public402,Hurinkrdata62,,Hurink_rdata,instances\Example_Instances_FJSSP-WF\Hurinkrdata62.fjs,Hurinkrdata62,100,10,10,15,0.106733333333,0.0643347907558,652,710,false,,,,,false,full_public_fjsspw_set
layer2_public402,Hurinkrdata63,,Hurink_rdata,instances\Example_Instances_FJSSP-WF\Hurinkrdata63.fjs,Hurinkrdata63,99,10,10,15,0.112929292929,0.0351818723912,258,289,false,,,,,false,full_public_fjsspw_set
layer2_public402,Hurinkrdata64,,Hurink_rdata,instances\Example_Instances_FJSSP-WF\Hurinkrdata64.fjs,Hurinkrdata64,100,10,10,15,0.103533333333,0.0656793303284,519,595,false,,,,,false,full_public_fjsspw_set
layer2_public402,Hurinkrdata65,,Hurink_rdata,instances\Example_Instances_FJSSP-WF\Hurinkrdata65.fjs,Hurinkrdata65,100,10,10,15,0.102466666667,0.0670136629798,598,660,false,,,,,false,full_public_fjsspw_set
layer2_public402,Hurinkrdata66,,Hurink_rdata,instances\Example_Instances_FJSSP-WF\Hurinkrdata66.fjs,Hurinkrdata66,100,10,10,15,0.1068,0.0642946317104,630,712,false,,,,,false,full_public_fjsspw_set
layer2_public402,Hurinkrdata7,,Hurink_rdata,instances\Example_Instances_FJSSP-WF\Hurinkrdata7.fjs,Hurinkrdata7,50,10,5,7,0.233714285714,0.21271393643,339,479,false,,,,,false,full_public_fjsspw_set
layer2_public402,Hurinkrdata8,,Hurink_rdata,instances\Example_Instances_FJSSP-WF\Hurinkrdata8.fjs,Hurinkrdata8,50,10,5,7,0.221714285714,0.219072164948,349,444,false,,,,,false,full_public_fjsspw_set
layer2_public402,Hurinkrdata9,,Hurink_rdata,instances\Example_Instances_FJSSP-WF\Hurinkrdata9.fjs,Hurinkrdata9,75,15,5,7,0.211428571429,0.172972972973,391,765,false,,,,,false,full_public_fjsspw_set
layer2_public402,Hurinksdata1,2a_Hurink_sdata_1_workers,Hurink_sdata,instances\Example_Instances_FJSSP-WF\Hurinksdata1.fjs,Hurinksdata1,36,6,6,9,0.0946502057613,0.054347826087,46,51.9999999894,false,,,,,true,full_public_fjsspw_set
layer2_public402,Hurinksdata10,,Hurink_sdata,instances\Example_Instances_FJSSP-WF\Hurinksdata10.fjs,Hurinksdata10,75,15,5,7,0.111619047619,0.296928327645,368,831,false,,,,,false,full_public_fjsspw_set
layer2_public402,Hurinksdata11,,Hurink_sdata,instances\Example_Instances_FJSSP-WF\Hurinksdata11.fjs,Hurinksdata11,75,15,5,7,0.129142857143,0.271386430678,362,822,false,,,,,false,full_public_fjsspw_set
layer2_public402,Hurinksdata12,,Hurink_sdata,instances\Example_Instances_FJSSP-WF\Hurinksdata12.fjs,Hurinksdata12,75,15,5,7,0.112761904762,0.293918918919,384,888,false,,,,,false,full_public_fjsspw_set
layer2_public402,Hurinksdata13,,Hurink_sdata,instances\Example_Instances_FJSSP-WF\Hurinksdata13.fjs,Hurinksdata13,75,15,5,7,0.118095238095,0.316129032258,430,904,false,,,,,false,full_public_fjsspw_set
layer2_public402,Hurinksdata14,,Hurink_sdata,instances\Example_Instances_FJSSP-WF\Hurinksdata14.fjs,Hurinksdata14,100,20,5,7,0.118285714286,0.234299516908,408,1145,false,,,,,false,full_public_fjsspw_set
layer2_public402,Hurinksdata15,,Hurink_sdata,instances\Example_Instances_FJSSP-WF\Hurinksdata15.fjs,Hurinksdata15,100,20,5,7,0.116857142857,0.234718826406,385,995,false,,,,,false,full_public_fjsspw_set
layer2_public402,Hurinksdata16,,Hurink_sdata,instances\Example_Instances_FJSSP-WF\Hurinksdata16.fjs,Hurinksdata16,100,20,5,7,0.109142857143,0.243455497382,427,1112,false,,,,,false,full_public_fjsspw_set
layer2_public402,Hurinksdata17,,Hurink_sdata,instances\Example_Instances_FJSSP-WF\Hurinksdata17.fjs,Hurinksdata17,100,20,5,7,0.105142857143,0.252717391304,426,1251,false,,,,,false,full_public_fjsspw_set
layer2_public402,Hurinksdata18,2a_Hurink_sdata_18_workers,Hurink_sdata,instances\Example_Instances_FJSSP-WF\Hurinksdata18.fjs,Hurinksdata18,100,20,5,7,0.117714285714,0.240291262136,363.721658986,1138,false,,,,,true,full_public_fjsspw_set
layer2_public402,Hurinksdata19,,Hurink_sdata,instances\Example_Instances_FJSSP-WF\Hurinksdata19.fjs,Hurinksdata19,100,10,10,15,0.0527333333333,0.12389380531,655,907,false,,,,,false,full_public_fjsspw_set
layer2_public402,Hurinksdata2,,Hurink_sdata,instances\Example_Instances_FJSSP-WF\Hurinksdata2.fjs,Hurinksdata2,100,10,10,15,0.0510666666667,0.131853785901,618,894,false,,,,,false,full_public_fjsspw_set
layer2_public402,Hurinksdata20,,Hurink_sdata,instances\Example_Instances_FJSSP-WF\Hurinksdata20.fjs,Hurinksdata20,100,10,10,15,0.0559333333333,0.120381406436,599,724,false,,,,,false,full_public_fjsspw_set
layer2_public402,Hurinksdata21,,Hurink_sdata,instances\Example_Instances_FJSSP-WF\Hurinksdata21.fjs,Hurinksdata21,100,10,10,15,0.0561333333333,0.116389548694,605,796,false,,,,,false,full_public_fjsspw_set
layer2_public402,Hurinksdata22,,Hurink_sdata,instances\Example_Instances_FJSSP-WF\Hurinksdata22.fjs,Hurinksdata22,100,10,10,15,0.0541333333333,0.118226600985,603.999999999,800,false,,,,,false,full_public_fjsspw_set
layer2_public402,Hurinksdata23,,Hurink_sdata,instances\Example_Instances_FJSSP-WF\Hurinksdata23.fjs,Hurinksdata23,100,10,10,15,0.051,0.134640522876,696,847,false,,,,,false,full_public_fjsspw_set
layer2_public402,Hurinksdata24,,Hurink_sdata,instances\Example_Instances_FJSSP-WF\Hurinksdata24.fjs,Hurinksdata24,150,15,10,15,0.0535111111111,0.0863787375415,664,1031,false,,,,,false,full_public_fjsspw_set
layer2_public402,Hurinksdata25,,Hurink_sdata,instances\Example_Instances_FJSSP-WF\Hurinksdata25.fjs,Hurinksdata25,150,15,10,15,0.0531555555556,0.0852842809365,581,869,false,,,,,false,full_public_fjsspw_set
layer2_public402,Hurinksdata26,,Hurink_sdata,instances\Example_Instances_FJSSP-WF\Hurinksdata26.fjs,Hurinksdata26,150,15,10,15,0.0506222222222,0.089552238806,595,951,false,,,,,false,full_public_fjsspw_set
layer2_public402,Hurinksdata27,,Hurink_sdata,instances\Example_Instances_FJSSP-WF\Hurinksdata27.fjs,Hurinksdata27,150,15,10,15,0.0530222222222,0.0863369656329,659,924,false,,,,,false,full_public_fjsspw_set
layer2_public402,Hurinksdata28,,Hurink_sdata,instances\Example_Instances_FJSSP-WF\Hurinksdata28.fjs,Hurinksdata28,150,15,10,15,0.0537777777778,0.0851239669421,666,909,false,,,,,false,full_public_fjsspw_set
layer2_public402,Hurinksdata29,,Hurink_sdata,instances\Example_Instances_FJSSP-WF\Hurinksdata29.fjs,Hurinksdata29,200,20,10,15,0.0535666666667,0.0634723086497,670,1202,false,,,,,false,full_public_fjsspw_set
layer2_public402,Hurinksdata3,,Hurink_sdata,instances\Example_Instances_FJSSP-WF\Hurinksdata3.fjs,Hurinksdata3,100,20,5,7,0.107142857143,0.253333333333,373,1106,false,,,,,false,full_public_fjsspw_set
layer2_public402,Hurinksdata30,,Hurink_sdata,instances\Example_Instances_FJSSP-WF\Hurinksdata30.fjs,Hurinksdata30,200,20,10,15,0.0534666666667,0.0642144638404,628,1192,false,,,,,false,full_public_fjsspw_set
layer2_public402,Hurinksdata31,,Hurink_sdata,instances\Example_Instances_FJSSP-WF\Hurinksdata31.fjs,Hurinksdata31,200,20,10,15,0.0549333333333,0.0618932038835,707,1212,false,,,,,false,full_public_fjsspw_set
layer2_public402,Hurinksdata32,,Hurink_sdata,instances\Example_Instances_FJSSP-WF\Hurinksdata32.fjs,Hurinksdata32,200,20,10,15,0.0516666666667,0.0651612903226,686,1146,false,,,,,false,full_public_fjsspw_set
layer2_public402,Hurinksdata33,,Hurink_sdata,instances\Example_Instances_FJSSP-WF\Hurinksdata33.fjs,Hurinksdata33,200,20,10,15,0.0567666666667,0.0604815032296,665,1248,false,,,,,false,full_public_fjsspw_set
layer2_public402,Hurinksdata34,,Hurink_sdata,instances\Example_Instances_FJSSP-WF\Hurinksdata34.fjs,Hurinksdata34,300,30,10,15,0.0551333333333,0.0415155179363,660,1647,false,,,,,false,full_public_fjsspw_set
layer2_public402,Hurinksdata35,,Hurink_sdata,instances\Example_Instances_FJSSP-WF\Hurinksdata35.fjs,Hurinksdata35,300,30,10,15,0.0516222222222,0.0447696943607,693,1718,false,,,,,false,full_public_fjsspw_set
layer2_public402,Hurinksdata36,,Hurink_sdata,instances\Example_Instances_FJSSP-WF\Hurinksdata36.fjs,Hurinksdata36,300,30,10,15,0.0555111111111,0.0416333066453,668,1600,false,,,,,false,full_public_fjsspw_set
layer2_public402,Hurinksdata37,,Hurink_sdata,instances\Example_Instances_FJSSP-WF\Hurinksdata37.fjs,Hurinksdata37,300,30,10,15,0.0527555555556,0.0438079191238,604,1600,false,,,,,false,full_public_fjsspw_set
layer2_public402,Hurinksdata38,2a_Hurink_sdata_38_workers,Hurink_sdata,instances\Example_Instances_FJSSP-WF\Hurinksdata38.fjs,Hurinksdata38,300,30,10,15,0.0532,0.0434419381788,598.20201001,1738,false,,,,,true,full_public_fjsspw_set
layer2_public402,Hurinksdata39,,Hurink_sdata,instances\Example_Instances_FJSSP-WF\Hurinksdata39.fjs,Hurinksdata39,225,15,15,22,0.0339124579125,0.0401111993646,871,1192,false,,,,,false,full_public_fjsspw_set
layer2_public402,Hurinksdata4,,Hurink_sdata,instances\Example_Instances_FJSSP-WF\Hurinksdata4.fjs,Hurinksdata4,50,10,5,7,0.117714285714,0.388349514563,410,622,false,,,,,false,full_public_fjsspw_set
layer2_public402,Hurinksdata40,2a_Hurink_sdata_40_workers,Hurink_sdata,instances\Example_Instances_FJSSP-WF\Hurinksdata40.fjs,Hurinksdata40,225,15,15,22,0.0352861952862,0.0396946564885,914,1329,false,,,,,true,full_public_fjsspw_set
layer2_public402,Hurinksdata41,,Hurink_sdata,instances\Example_Instances_FJSSP-WF\Hurinksdata41.fjs,Hurinksdata41,225,15,15,22,0.0331986531987,0.0421906693712,903,1156,false,,,,,false,full_public_fjsspw_set
layer2_public402,Hurinksdata42,,Hurink_sdata,instances\Example_Instances_FJSSP-WF\Hurinksdata42.fjs,Hurinksdata42,225,15,15,22,0.0353939393939,0.0388127853881,870,1168,false,,,,,false,full_public_fjsspw_set
layer2_public402,Hurinksdata43,,Hurink_sdata,instances\Example_Instances_FJSSP-WF\Hurinksdata43.fjs,Hurinksdata43,225,15,15,22,0.0372794612795,0.0375722543353,875,1175,false,,,,,false,full_public_fjsspw_set
layer2_public402,Hurinksdata44,,Hurink_sdata,instances\Example_Instances_FJSSP-WF\Hurinksdata44.fjs,Hurinksdata44,100,10,10,15,0.0538666666667,0.0792079207921,793,1135,false,,,,,false,full_public_fjsspw_set
layer2_public402,Hurinksdata45,,Hurink_sdata,instances\Example_Instances_FJSSP-WF\Hurinksdata45.fjs,Hurinksdata45,100,10,10,15,0.0529333333333,0.112090680101,684,886,false,,,,,false,full_public_fjsspw_set
layer2_public402,Hurinksdata46,,Hurink_sdata,instances\Example_Instances_FJSSP-WF\Hurinksdata46.fjs,Hurinksdata46,300,20,15,22,0.0361111111111,0.00979020979021,379,646,false,,,,,false,full_public_fjsspw_set
layer2_public402,Hurinksdata47,,Hurink_sdata,instances\Example_Instances_FJSSP-WF\Hurinksdata47.fjs,Hurinksdata47,300,20,15,22,0.0343333333333,0.0102971462195,412,676,false,,,,,false,full_public_fjsspw_set
layer2_public402,Hurinksdata48,,Hurink_sdata,instances\Example_Instances_FJSSP-WF\Hurinksdata48.fjs,Hurinksdata48,300,20,15,22,0.0342323232323,0.0103275302449,425,689,false,,,,,false,full_public_fjsspw_set
layer2_public402,Hurinksdata49,,Hurink_sdata,instances\Example_Instances_FJSSP-WF\Hurinksdata49.fjs,Hurinksdata49,55,11,5,7,0.101298701299,0.8,3576,6687,false,,,,,false,full_public_fjsspw_set
layer2_public402,Hurinksdata5,,Hurink_sdata,instances\Example_Instances_FJSSP-WF\Hurinksdata5.fjs,Hurinksdata5,50,10,5,7,0.112,0.392857142857,425,631,false,,,,,false,full_public_fjsspw_set
layer2_public402,Hurinksdata50,,Hurink_sdata,instances\Example_Instances_FJSSP-WF\Hurinksdata50.fjs,Hurinksdata50,52,13,4,6,0.141025641026,0.880681818182,3002,6730,false,,,,,false,full_public_fjsspw_set
layer2_public402,Hurinksdata51,,Hurink_sdata,instances\Example_Instances_FJSSP-WF\Hurinksdata51.fjs,Hurinksdata51,60,12,5,7,0.113333333333,0.794117647059,4083,7141,false,,,,,false,full_public_fjsspw_set
layer2_public402,Hurinksdata52,,Hurink_sdata,instances\Example_Instances_FJSSP-WF\Hurinksdata52.fjs,Hurinksdata52,56,14,4,6,0.151785714286,0.823529411765,2928.10671199,7493,false,,,,,false,full_public_fjsspw_set
layer2_public402,Hurinksdata53,,Hurink_sdata,instances\Example_Instances_FJSSP-WF\Hurinksdata53.fjs,Hurinksdata53,60,10,6,9,0.0873456790123,0.802120141343,4287,7376,false,,,,,false,full_public_fjsspw_set
layer2_public402,Hurinksdata54,2a_Hurink_sdata_54_workers,Hurink_sdata,instances\Example_Instances_FJSSP-WF\Hurinksdata54.fjs,Hurinksdata54,72,8,9,13,0.0610161443495,0.731517509728,5241.72455827,7830,false,,,,,true,full_public_fjsspw_set
layer2_public402,Hurinksdata55,,Hurink_sdata,instances\Example_Instances_FJSSP-WF\Hurinksdata55.fjs,Hurinksdata55,49,7,7,10,0.069970845481,0.816666666667,4043,6244,false,,,,,false,full_public_fjsspw_set
layer2_public402,Hurinksdata56,,Hurink_sdata,instances\Example_Instances_FJSSP-WF\Hurinksdata56.fjs,Hurinksdata56,64,8,8,12,0.0641276041667,0.758883248731,4392,7916,false,,,,,false,full_public_fjsspw_set
layer2_public402,Hurinksdata57,,Hurink_sdata,instances\Example_Instances_FJSSP-WF\Hurinksdata57.fjs,Hurinksdata57,100,10,10,15,0.0562666666667,0.119668246445,668,1033,false,,,,,false,full_public_fjsspw_set
layer2_public402,Hurinksdata58,,Hurink_sdata,instances\Example_Instances_FJSSP-WF\Hurinksdata58.fjs,Hurinksdata58,100,10,10,15,0.0512666666667,0.127438231469,579,837,false,,,,,false,full_public_fjsspw_set
layer2_public402,Hurinksdata59,,Hurink_sdata,instances\Example_Instances_FJSSP-WF\Hurinksdata59.fjs,Hurinksdata59,100,10,10,15,0.0500666666667,0.135818908123,603,976,false,,,,,false,full_public_fjsspw_set
layer2_public402,Hurinksdata6,,Hurink_sdata,instances\Example_Instances_FJSSP-WF\Hurinksdata6.fjs,Hurinksdata6,50,10,5,7,0.114857142857,0.34328358209,359,574,false,,,,,false,full_public_fjsspw_set
layer2_public402,Hurinksdata60,,Hurink_sdata,instances\Example_Instances_FJSSP-WF\Hurinksdata60.fjs,Hurinksdata60,100,10,10,15,0.0558,0.121863799283,697,960,false,,,,,false,full_public_fjsspw_set
layer2_public402,Hurinksdata61,2a_Hurink_sdata_61_workers,Hurink_sdata,instances\Example_Instances_FJSSP-WF\Hurinksdata61.fjs,Hurinksdata61,100,10,10,15,0.0484,0.136363636364,547,832,false,,,,,true,full_public_fjsspw_set
layer2_public402,Hurinksdata62,,Hurink_sdata,instances\Example_Instances_FJSSP-WF\Hurinksdata62.fjs,Hurinksdata62,100,10,10,15,0.0525333333333,0.131979695431,668,951,false,,,,,false,full_public_fjsspw_set
layer2_public402,Hurinksdata63,2a_Hurink_sdata_63_workers,Hurink_sdata,instances\Example_Instances_FJSSP-WF\Hurinksdata63.fjs,Hurinksdata63,99,10,10,15,0.0540740740741,0.0684931506849,283,386,false,,,,,true,full_public_fjsspw_set
layer2_public402,Hurinksdata64,,Hurink_sdata,instances\Example_Instances_FJSSP-WF\Hurinksdata64.fjs,Hurinksdata64,100,10,10,15,0.0514666666667,0.130829015544,536,855,false,,,,,false,full_public_fjsspw_set
layer2_public402,Hurinksdata65,,Hurink_sdata,instances\Example_Instances_FJSSP-WF\Hurinksdata65.fjs,Hurinksdata65,100,10,10,15,0.054,0.124691358025,619,882,false,,,,,false,full_public_fjsspw_set
layer2_public402,Hurinksdata66,,Hurink_sdata,instances\Example_Instances_FJSSP-WF\Hurinksdata66.fjs,Hurinksdata66,100,10,10,15,0.0580666666667,0.119402985075,626,877,false,,,,,false,full_public_fjsspw_set
layer2_public402,Hurinksdata7,,Hurink_sdata,instances\Example_Instances_FJSSP-WF\Hurinksdata7.fjs,Hurinksdata7,50,10,5,7,0.127428571429,0.358744394619,344,550,false,,,,,false,full_public_fjsspw_set
layer2_public402,Hurinksdata8,,Hurink_sdata,instances\Example_Instances_FJSSP-WF\Hurinksdata8.fjs,Hurinksdata8,50,10,5,7,0.117142857143,0.390243902439,373,564.99999983,false,,,,,false,full_public_fjsspw_set
layer2_public402,Hurinksdata9,,Hurink_sdata,instances\Example_Instances_FJSSP-WF\Hurinksdata9.fjs,Hurinksdata9,75,15,5,7,0.106666666667,0.321428571429,428,867,false,,,,,false,full_public_fjsspw_set
layer2_public402,Hurinkvdata1,,Hurink_vdata,instances\Example_Instances_FJSSP-WF\Hurinkvdata1.fjs,Hurinkvdata1,36,6,6,9,0.264917695473,0.0194174757282,44,44,true,,,,,false,full_public_fjsspw_set
layer2_public402,Hurinkvdata10,,Hurink_vdata,instances\Example_Instances_FJSSP-WF\Hurinkvdata10.fjs,Hurinkvdata10,75,15,5,7,0.28419047619,0.124664879357,341,712,false,,,,,false,full_public_fjsspw_set
layer2_public402,Hurinkvdata11,,Hurink_vdata,instances\Example_Instances_FJSSP-WF\Hurinkvdata11.fjs,Hurinkvdata11,75,15,5,7,0.29980952381,0.12833545108,341,720,false,,,,,false,full_public_fjsspw_set
layer2_public402,Hurinkvdata12,,Hurink_vdata,instances\Example_Instances_FJSSP-WF\Hurinkvdata12.fjs,Hurinkvdata12,75,15,5,7,0.289904761905,0.130091984231,349,805,false,,,,,false,full_public_fjsspw_set
layer2_public402,Hurinkvdata13,,Hurink_vdata,instances\Example_Instances_FJSSP-WF\Hurinkvdata13.fjs,Hurinkvdata13,75,15,5,7,0.306285714286,0.124378109453,411,756,false,,,,,false,full_public_fjsspw_set
layer2_public402,Hurinkvdata14,,Hurink_vdata,instances\Example_Instances_FJSSP-WF\Hurinkvdata14.fjs,Hurinkvdata14,100,20,5,7,0.29,0.100492610837,382,1004,false,,,,,false,full_public_fjsspw_set
layer2_public402,Hurinkvdata15,,Hurink_vdata,instances\Example_Instances_FJSSP-WF\Hurinkvdata15.fjs,Hurinkvdata15,100,20,5,7,0.288,0.0992063492063,373,880,false,,,,,false,full_public_fjsspw_set
layer2_public402,Hurinkvdata16,,Hurink_vdata,instances\Example_Instances_FJSSP-WF\Hurinkvdata16.fjs,Hurinkvdata16,100,20,5,7,0.272,0.105042016807,359,978,false,,,,,false,full_public_fjsspw_set
layer2_public402,Hurinkvdata17,,Hurink_vdata,instances\Example_Instances_FJSSP-WF\Hurinkvdata17.fjs,Hurinkvdata17,100,20,5,7,0.276857142857,0.105263157895,404,1011,false,,,,,false,full_public_fjsspw_set
layer2_public402,Hurinkvdata18,2d_Hurink_vdata_18_workers,Hurink_vdata,instances\Example_Instances_FJSSP-WF\Hurinkvdata18.fjs,Hurinkvdata18,100,20,5,7,0.300857142857,0.0987654320988,357,1039,false,,,,,true,full_public_fjsspw_set
layer2_public402,Hurinkvdata19,,Hurink_vdata,instances\Example_Instances_FJSSP-WF\Hurinkvdata19.fjs,Hurinkvdata19,100,10,10,15,0.258133333333,0.0266012396694,651,651,true,,,,,false,full_public_fjsspw_set
layer2_public402,Hurinkvdata2,,Hurink_vdata,instances\Example_Instances_FJSSP-WF\Hurinkvdata2.fjs,Hurinkvdata2,100,10,10,15,0.2414,0.028721347694,597,597,true,,,,,false,full_public_fjsspw_set
layer2_public402,Hurinkvdata20,,Hurink_vdata,instances\Example_Instances_FJSSP-WF\Hurinkvdata20.fjs,Hurinkvdata20,100,10,10,15,0.259066666667,0.0265054040144,585,585,true,,,,,false,full_public_fjsspw_set
layer2_public402,Hurinkvdata21,,Hurink_vdata,instances\Example_Instances_FJSSP-WF\Hurinkvdata21.fjs,Hurinkvdata21,100,10,10,15,0.260733333333,0.0260802863718,602,602,true,,,,,false,full_public_fjsspw_set
layer2_public402,Hurinkvdata22,,Hurink_vdata,instances\Example_Instances_FJSSP-WF\Hurinkvdata22.fjs,Hurinkvdata22,100,10,10,15,0.2562,0.0265417642467,562,562,true,,,,,false,full_public_fjsspw_set
layer2_public402,Hurinkvdata23,,Hurink_vdata,instances\Example_Instances_FJSSP-WF\Hurinkvdata23.fjs,Hurinkvdata23,100,10,10,15,0.254333333333,0.0272608125819,686,686,true,,,,,false,full_public_fjsspw_set
layer2_public402,Hurinkvdata24,,Hurink_vdata,instances\Example_Instances_FJSSP-WF\Hurinkvdata24.fjs,Hurinkvdata24,150,15,10,15,0.244533333333,0.0189022173755,648,764,false,,,,,false,full_public_fjsspw_set
layer2_public402,Hurinkvdata25,,Hurink_vdata,instances\Example_Instances_FJSSP-WF\Hurinkvdata25.fjs,Hurinkvdata25,150,15,10,15,0.242133333333,0.0190895741557,559,701,false,,,,,false,full_public_fjsspw_set
layer2_public402,Hurinkvdata26,,Hurink_vdata,instances\Example_Instances_FJSSP-WF\Hurinkvdata26.fjs,Hurinkvdata26,150,15,10,15,0.234488888889,0.0195223654284,580,777,false,,,,,false,full_public_fjsspw_set
layer2_public402,Hurinkvdata27,,Hurink_vdata,instances\Example_Instances_FJSSP-WF\Hurinkvdata27.fjs,Hurinkvdata27,150,15,10,15,0.2684,0.0173869846001,634,746,false,,,,,false,full_public_fjsspw_set
layer2_public402,Hurinkvdata28,,Hurink_vdata,instances\Example_Instances_FJSSP-WF\Hurinkvdata28.fjs,Hurinkvdata28,150,15,10,15,0.261955555556,0.0176450627757,652,721,false,,,,,false,full_public_fjsspw_set
layer2_public402,Hurinkvdata29,,Hurink_vdata,instances\Example_Instances_FJSSP-WF\Hurinkvdata29.fjs,Hurinkvdata29,200,20,10,15,0.2474,0.0140123955807,646,994,false,,,,,false,full_public_fjsspw_set
layer2_public402,Hurinkvdata3,,Hurink_vdata,instances\Example_Instances_FJSSP-WF\Hurinkvdata3.fjs,Hurinkvdata3,100,20,5,7,0.296857142857,0.0962463907603,354,962,false,,,,,false,full_public_fjsspw_set
layer2_public402,Hurinkvdata30,2d_Hurink_vdata_30_workers,Hurink_vdata,instances\Example_Instances_FJSSP-WF\Hurinkvdata30.fjs,Hurinkvdata30,200,20,10,15,0.247266666667,0.0141547586951,622,1018,false,,,,,true,full_public_fjsspw_set
layer2_public402,Hurinkvdata31,,Hurink_vdata,instances\Example_Instances_FJSSP-WF\Hurinkvdata31.fjs,Hurinkvdata31,200,20,10,15,0.239766666667,0.0145975253719,683,1010,false,,,,,false,full_public_fjsspw_set
layer2_public402,Hurinkvdata32,,Hurink_vdata,instances\Example_Instances_FJSSP-WF\Hurinkvdata32.fjs,Hurinkvdata32,200,20,10,15,0.238433333333,0.014679155599,656,947,false,,,,,false,full_public_fjsspw_set
layer2_public402,Hurinkvdata33,,Hurink_vdata,instances\Example_Instances_FJSSP-WF\Hurinkvdata33.fjs,Hurinkvdata33,200,20,10,15,0.253333333333,0.0136842105263,660,1010,false,,,,,false,full_public_fjsspw_set
layer2_public402,Hurinkvdata34,,Hurink_vdata,instances\Example_Instances_FJSSP-WF\Hurinkvdata34.fjs,Hurinkvdata34,300,30,10,15,0.240244444444,0.00961983165295,650,1430,false,,,,,false,full_public_fjsspw_set
layer2_public402,Hurinkvdata35,,Hurink_vdata,instances\Example_Instances_FJSSP-WF\Hurinkvdata35.fjs,Hurinkvdata35,300,30,10,15,0.237733333333,0.00981491867639,687,1578,false,,,,,false,full_public_fjsspw_set
layer2_public402,Hurinkvdata36,,Hurink_vdata,instances\Example_Instances_FJSSP-WF\Hurinkvdata36.fjs,Hurinkvdata36,300,30,10,15,0.244311111111,0.00955066399854,653,1409,false,,,,,false,full_public_fjsspw_set
layer2_public402,Hurinkvdata37,,Hurink_vdata,instances\Example_Instances_FJSSP-WF\Hurinkvdata37.fjs,Hurinkvdata37,300,30,10,15,0.241555555556,0.00965961361546,601,1446,false,,,,,false,full_public_fjsspw_set
layer2_public402,Hurinkvdata38,,Hurink_vdata,instances\Example_Instances_FJSSP-WF\Hurinkvdata38.fjs,Hurinkvdata38,300,30,10,15,0.244822222222,0.00953072524281,588,1465,false,,,,,false,full_public_fjsspw_set
layer2_public402,Hurinkvdata39,,Hurink_vdata,instances\Example_Instances_FJSSP-WF\Hurinkvdata39.fjs,Hurinkvdata39,225,15,15,22,0.235797979798,0.00594014164953,0,854,false,,,,,false,full_public_fjsspw_set
layer2_public402,Hurinkvdata4,,Hurink_vdata,instances\Example_Instances_FJSSP-WF\Hurinkvdata4.fjs,Hurinkvdata4,50,10,5,7,0.304,0.171052631579,376,549,false,,,,,false,full_public_fjsspw_set
layer2_public402,Hurinkvdata40,,Hurink_vdata,instances\Example_Instances_FJSSP-WF\Hurinkvdata40.fjs,Hurinkvdata40,225,15,15,22,0.23432996633,0.00603482958791,0,890,false,,,,,false,full_public_fjsspw_set
layer2_public402,Hurinkvdata41,,Hurink_vdata,instances\Example_Instances_FJSSP-WF\Hurinkvdata41.fjs,Hurinkvdata41,225,15,15,22,0.230734006734,0.00612888162503,0,849,false,,,,,false,full_public_fjsspw_set
layer2_public402,Hurinkvdata42,,Hurink_vdata,instances\Example_Instances_FJSSP-WF\Hurinkvdata42.fjs,Hurinkvdata42,225,15,15,22,0.226882154882,0.0062329336341,0,834,false,,,,,false,full_public_fjsspw_set
layer2_public402,Hurinkvdata43,,Hurink_vdata,instances\Example_Instances_FJSSP-WF\Hurinkvdata43.fjs,Hurinkvdata43,225,15,15,22,0.224942760943,0.00628667225482,861,861,true,,,,,false,full_public_fjsspw_set
layer2_public402,Hurinkvdata44,,Hurink_vdata,instances\Example_Instances_FJSSP-WF\Hurinkvdata44.fjs,Hurinkvdata44,100,10,10,15,0.248,0.0174731182796,779,785,false,,,,,false,full_public_fjsspw_set
layer2_public402,Hurinkvdata45,,Hurink_vdata,instances\Example_Instances_FJSSP-WF\Hurinkvdata45.fjs,Hurinkvdata45,100,10,10,15,0.216066666667,0.0280777537797,674,674,true,,,,,false,full_public_fjsspw_set
layer2_public402,Hurinkvdata46,,Hurink_vdata,instances\Example_Instances_FJSSP-WF\Hurinkvdata46.fjs,Hurinkvdata46,300,20,15,22,0.225101010101,0.00157056315908,371,477,false,,,,,false,full_public_fjsspw_set
layer2_public402,Hurinkvdata47,,Hurink_vdata,instances\Example_Instances_FJSSP-WF\Hurinkvdata47.fjs,Hurinkvdata47,300,20,15,22,0.232292929293,0.00152193764404,401,498,false,,,,,false,full_public_fjsspw_set
layer2_public402,Hurinkvdata48,,Hurink_vdata,instances\Example_Instances_FJSSP-WF\Hurinkvdata48.fjs,Hurinkvdata48,300,20,15,22,0.227282828283,0.00155548642283,420,488,false,,,,,false,full_public_fjsspw_set
layer2_public402,Hurinkvdata49,,Hurink_vdata,instances\Example_Instances_FJSSP-WF\Hurinkvdata49.fjs,Hurinkvdata49,55,11,5,7,0.324675324675,0.6448,2814,4740,false,,,,,false,full_public_fjsspw_set
layer2_public402,Hurinkvdata5,2d_Hurink_vdata_5_workers,Hurink_vdata,instances\Example_Instances_FJSSP-WF\Hurinkvdata5.fjs,Hurinkvdata5,50,10,5,7,0.332,0.163511187608,372,504,false,,,,,true,full_public_fjsspw_set
layer2_public402,Hurinkvdata50,,Hurink_vdata,instances\Example_Instances_FJSSP-WF\Hurinkvdata50.fjs,Hurinkvdata50,52,13,4,6,0.342147435897,0.72131147541,2583,5612,false,,,,,false,full_public_fjsspw_set
layer2_public402,Hurinkvdata51,,Hurink_vdata,instances\Example_Instances_FJSSP-WF\Hurinkvdata51.fjs,Hurinkvdata51,60,12,5,7,0.285714285714,0.666666666667,3157,5474,false,,,,,false,full_public_fjsspw_set
layer2_public402,Hurinkvdata52,,Hurink_vdata,instances\Example_Instances_FJSSP-WF\Hurinkvdata52.fjs,Hurinkvdata52,56,14,4,6,0.293154761905,0.753807106599,2737,6149,false,,,,,false,full_public_fjsspw_set
layer2_public402,Hurinkvdata53,,Hurink_vdata,instances\Example_Instances_FJSSP-WF\Hurinkvdata53.fjs,Hurinkvdata53,60,10,6,9,0.266049382716,0.560324825986,3658,4635,false,,,,,false,full_public_fjsspw_set
layer2_public402,Hurinkvdata54,,Hurink_vdata,instances\Example_Instances_FJSSP-WF\Hurinkvdata54.fjs,Hurinkvdata54,72,8,9,13,0.231600189934,0.411583803178,5022,5022,true,,,,,false,full_public_fjsspw_set
layer2_public402,Hurinkvdata55,,Hurink_vdata,instances\Example_Instances_FJSSP-WF\Hurinkvdata55.fjs,Hurinkvdata55,49,7,7,10,0.259183673469,0.595050618673,3866,3939,false,,,,,false,full_public_fjsspw_set
layer2_public402,Hurinkvdata56,,Hurink_vdata,instances\Example_Instances_FJSSP-WF\Hurinkvdata56.fjs,Hurinkvdata56,64,8,8,12,0.273763020833,0.374554102259,4217,4264,false,,,,,false,full_public_fjsspw_set
layer2_public402,Hurinkvdata57,,Hurink_vdata,instances\Example_Instances_FJSSP-WF\Hurinkvdata57.fjs,Hurinkvdata57,100,10,10,15,0.236266666667,0.0293453724605,629,629,true,,,,,false,full_public_fjsspw_set
layer2_public402,Hurinkvdata58,,Hurink_vdata,instances\Example_Instances_FJSSP-WF\Hurinkvdata58.fjs,Hurinkvdata58,100,10,10,15,0.240533333333,0.0282705099778,560,565,false,,,,,false,full_public_fjsspw_set
layer2_public402,Hurinkvdata59,,Hurink_vdata,instances\Example_Instances_FJSSP-WF\Hurinkvdata59.fjs,Hurinkvdata59,100,10,10,15,0.26,0.0266666666667,588,588,true,,,,,false,full_public_fjsspw_set
layer2_public402,Hurinkvdata6,,Hurink_vdata,instances\Example_Instances_FJSSP-WF\Hurinkvdata6.fjs,Hurinkvdata6,50,10,5,7,0.282285714286,0.176113360324,326,458,false,,,,,false,full_public_fjsspw_set
layer2_public402,Hurinkvdata60,,Hurink_vdata,instances\Example_Instances_FJSSP-WF\Hurinkvdata60.fjs,Hurinkvdata60,100,10,10,15,0.2514,0.0273137098913,682,682,true,,,,,false,full_public_fjsspw_set
layer2_public402,Hurinkvdata61,,Hurink_vdata,instances\Example_Instances_FJSSP-WF\Hurinkvdata61.fjs,Hurinkvdata61,100,10,10,15,0.259,0.0265122265122,531,531,true,,,,,false,full_public_fjsspw_set
layer2_public402,Hurinkvdata62,,Hurink_vdata,instances\Example_Instances_FJSSP-WF\Hurinkvdata62.fjs,Hurinkvdata62,100,10,10,15,0.262866666667,0.0266294699467,646,646,true,,,,,false,full_public_fjsspw_set
layer2_public402,Hurinkvdata63,,Hurink_vdata,instances\Example_Instances_FJSSP-WF\Hurinkvdata63.fjs,Hurinkvdata63,99,10,10,15,0.25063973064,0.0158516926384,250,251,false,,,,,false,full_public_fjsspw_set
layer2_public402,Hurinkvdata64,,Hurink_vdata,instances\Example_Instances_FJSSP-WF\Hurinkvdata64.fjs,Hurinkvdata64,100,10,10,15,0.236466666667,0.0287566957993,523,523,true,,,,,false,full_public_fjsspw_set
layer2_public402,Hurinkvdata65,,Hurink_vdata,instances\Example_Instances_FJSSP-WF\Hurinkvdata65.fjs,Hurinkvdata65,100,10,10,15,0.239866666667,0.0291828793774,598,598,true,,,,,false,full_public_fjsspw_set
layer2_public402,Hurinkvdata66,,Hurink_vdata,instances\Example_Instances_FJSSP-WF\Hurinkvdata66.fjs,Hurinkvdata66,100,10,10,15,0.231533333333,0.0293694212496,614,614,true,,,,,false,full_public_fjsspw_set
layer2_public402,Hurinkvdata7,,Hurink_vdata,instances\Example_Instances_FJSSP-WF\Hurinkvdata7.fjs,Hurinkvdata7,50,10,5,7,0.261142857143,0.192560175055,339,486,false,,,,,false,full_public_fjsspw_set
layer2_public402,Hurinkvdata8,,Hurink_vdata,instances\Example_Instances_FJSSP-WF\Hurinkvdata8.fjs,Hurinkvdata8,50,10,5,7,0.293714285714,0.188715953307,355,439,false,,,,,false,full_public_fjsspw_set
layer2_public402,Hurinkvdata9,,Hurink_vdata,instances\Example_Instances_FJSSP-WF\Hurinkvdata9.fjs,Hurinkvdata9,75,15,5,7,0.280761904762,0.137042062415,380,763,false,,,,,false,full_public_fjsspw_set
layer2_public402,Kacem1,,Kacem,instances\Example_Instances_FJSSP-WF\Kacem1.fjs,Kacem1,12,4,5,7,0.578571428571,0.0658436213992,11,11,true,,,,,false,full_public_fjsspw_set
layer2_public402,Kacem2,,Kacem,instances\Example_Instances_FJSSP-WF\Kacem2.fjs,Kacem2,29,10,7,10,0.581280788177,0.0279661016949,10,10,true,,,,,false,full_public_fjsspw_set
layer2_public402,Kacem3,5_Kacem_3_workers,Kacem,instances\Example_Instances_FJSSP-WF\Kacem3.fjs,Kacem3,30,10,10,15,0.529333333333,0.0100755667506,7,7,true,,,,,true,full_public_fjsspw_set
layer2_public402,Kacem4,5_Kacem_4_workers,Kacem,instances\Example_Instances_FJSSP-WF\Kacem4.fjs,Kacem4,56,15,10,15,0.538452380952,0.0145920848994,10,11,false,,,,,true,full_public_fjsspw_set
