key,source,competition_instance,family,runs,ok_runs,best,average,lb,ub,reference_best,current_best,best_minus_lb,best_minus_ub,best_minus_reference,best_minus_current,status
0_BehnkeGeiger_42_workers,Behnke42,0_BehnkeGeiger_42_workers,BehnkeGeiger,10,10,92,103.100,80,80,,,12,12,,,OK
0_BehnkeGeiger_46_workers,Behnke46,0_BehnkeGeiger_46_workers,BehnkeGeiger,10,10,121,125.400,110,110,,,11,11,,,OK
0_BehnkeGeiger_60_workers,Behnke60,0_BehnkeGeiger_60_workers,BehnkeGeiger,10,0,,,491,491,,,,,,,PARTIAL_OR_ERROR
1_Brandimarte_12_workers,BrandimarteMk12,1_Brandimarte_12_workers,Brandimarte,10,10,496,513.800,479,479,,,17,17,,,OK
1_Brandimarte_14_workers,BrandimarteMk14,1_Brandimarte_14_workers,Brandimarte,10,10,664,681.500,640,640,,,24,24,,,OK
1_Brandimarte_7_workers,BrandimarteMk7,1_Brandimarte_7_workers,Brandimarte,10,10,172,195.400,143,143,,,29,29,,,OK
2a_Hurink_sdata_18_workers,Hurinksdata18,2a_Hurink_sdata_18_workers,Hurink_sdata,10,10,1320,1482.600,1179,1179,,,141,141,,,OK
2a_Hurink_sdata_1_workers,Hurinksdata1,2a_Hurink_sdata_1_workers,Hurink_sdata,10,10,53,58.100,52,52,,,1,1,,,OK
2a_Hurink_sdata_38_workers,Hurinksdata38,2a_Hurink_sdata_38_workers,Hurink_sdata,10,10,2151,2335.100,2005,2005,,,146,146,,,OK
2a_Hurink_sdata_40_workers,Hurinksdata40,2a_Hurink_sdata_40_workers,Hurink_sdata,10,10,1567,1761.600,1640,1640,,,-73,-73,,,OK
2a_Hurink_sdata_54_workers,Hurinksdata54,2a_Hurink_sdata_54_workers,Hurink_sdata,10,10,8601,9202.600,7954,7954,,,647,647,,,OK
2a_Hurink_sdata_61_workers,Hurinksdata61,2a_Hurink_sdata_61_workers,Hurink_sdata,10,10,962,1014.700,1468,1468,,,-506,-506,,,OK
2a_Hurink_sdata_63_workers,Hurinksdata63,2a_Hurink_sdata_63_workers,Hurink_sdata,10,10,415,436.900,605,605,,,-190,-190,,,OK
2b_Hurink_edata_1_workers,Hurinkedata1,2b_Hurink_edata_1_workers,Hurink_edata,10,10,51,52,51,51,,,0,0,,,OK
2b_Hurink_edata_6_workers,Hurinkedata6,2b_Hurink_edata_6_workers,Hurink_edata,10,10,562,622.500,601,601,,,-39,-39,,,OK
2c_Hurink_rdata_28_workers,Hurinkrdata28,2c_Hurink_rdata_28_workers,Hurink_rdata,10,10,882,936.700,909,909,,,-27,-27,,,OK
2c_Hurink_rdata_38_workers,Hurinkrdata38,2c_Hurink_rdata_38_workers,Hurink_rdata,10,8,1745,1864.750,1780,1780,,,-35,-35,,,PARTIAL_OR_ERROR
2c_Hurink_rdata_50_workers,Hurinkrdata50,2c_Hurink_rdata_50_workers,Hurink_rdata,10,10,5947,6208.400,5791,5791,,,156,156,,,OK
2d_Hurink_vdata_18_workers,Hurinkvdata18,2d_Hurink_vdata_18_workers,Hurink_vdata,10,10,1152,1218.600,1827,1827,,,-675,-675,,,OK
2d_Hurink_vdata_30_workers,Hurinkvdata30,2d_Hurink_vdata_30_workers,Hurink_vdata,10,1,1217,1217,1178,1178,,,39,39,,,PARTIAL_OR_ERROR
2d_Hurink_vdata_5_workers,Hurinkvdata5,2d_Hurink_vdata_5_workers,Hurink_vdata,10,10,539,559.600,580,580,,,-41,-41,,,OK
3_DPpaulli_15_workers,DPpaulli15,3_DPpaulli_15_workers,DPpaulli,10,0,,,2328,2328,,,,,,,PARTIAL_OR_ERROR
3_DPpaulli_18_workers,DPpaulli18,3_DPpaulli_18_workers,DPpaulli,10,0,,,2305,2305,,,,,,,PARTIAL_OR_ERROR
3_DPpaulli_1_workers,DPpaulli1,3_DPpaulli_1_workers,DPpaulli,10,10,3079,3598.400,2728,2728,,,351,351,,,OK
3_DPpaulli_9_workers,DPpaulli9,3_DPpaulli_9_workers,DPpaulli,10,0,,,2270,2270,,,,,,,PARTIAL_OR_ERROR
4_ChambersBarnes_10_workers,ChambersBarnes10,4_ChambersBarnes_10_workers,ChambersBarnes,10,10,992,1050.200,949,949,,,43,43,,,OK
6_Fattahi_14_workers,Fattahi14,6_Fattahi_14_workers,Fattahi,10,10,556,574.500,538,538,,,18,18,,,OK
6_Fattahi_20_workers,Fattahi20,6_Fattahi_20_workers,Fattahi,10,10,1182,1227.500,1208,1208,,,-26,-26,,,OK
Behnke1,Behnke1,,BehnkeGeiger,10,10,91,98.700,88,88,,,3,3,,,OK
Behnke10,Behnke10,,BehnkeGeiger,10,10,135,142.200,136,136,,,-1,-1,,,OK
Behnke11,Behnke11,,BehnkeGeiger,10,0,,,294,294,,,,,,,PARTIAL_OR_ERROR
Behnke12,Behnke12,,BehnkeGeiger,10,0,,,289,289,,,,,,,PARTIAL_OR_ERROR
Behnke13,Behnke13,,BehnkeGeiger,10,0,,,290,290,,,,,,,PARTIAL_OR_ERROR
Behnke14,Behnke14,,BehnkeGeiger,10,0,,,293,293,,,,,,,PARTIAL_OR_ERROR
Behnke15,Behnke15,,BehnkeGeiger,10,0,,,295,295,,,,,,,PARTIAL_OR_ERROR
Behnke16,Behnke16,,BehnkeGeiger,10,0,,,705,705,,,,,,,PARTIAL_OR_ERROR
Behnke17,Behnke17,,BehnkeGeiger,10,0,,,693,693,,,,,,,PARTIAL_OR_ERROR
Behnke18,Behnke18,,BehnkeGeiger,10,0,,,694,694,,,,,,,PARTIAL_OR_ERROR
Behnke19,Behnke19,,BehnkeGeiger,10,0,,,698,698,,,,,,,PARTIAL_OR_ERROR
Behnke2,Behnke2,,BehnkeGeiger,10,10,96,103.800,92,92,,,4,4,,,OK
Behnke20,Behnke20,,BehnkeGeiger,10,0,,,702,702,,,,,,,PARTIAL_OR_ERROR
Behnke21,Behnke21,,BehnkeGeiger,10,10,86,94.700,81,81,,,5,5,,,OK
Behnke22,Behnke22,,BehnkeGeiger,10,10,94,102.600,82,82,,,12,12,,,OK
Behnke23,Behnke23,,BehnkeGeiger,10,10,91,99.100,80,80,,,11,11,,,OK
Behnke24,Behnke24,,BehnkeGeiger,10,10,91,100.200,82,82,,,9,9,,,OK
Behnke25,Behnke25,,BehnkeGeiger,10,10,94,101.100,82,82,,,12,12,,,OK
Behnke26,Behnke26,,BehnkeGeiger,10,10,118,124.700,110,110,,,8,8,,,OK
Behnke27,Behnke27,,BehnkeGeiger,10,10,130,133.800,120,120,,,10,10,,,OK
Behnke28,Behnke28,,BehnkeGeiger,10,10,122,126.300,112,112,,,10,10,,,OK
Behnke29,Behnke29,,BehnkeGeiger,10,10,124,134.200,113,113,,,11,11,,,OK
Behnke3,Behnke3,,BehnkeGeiger,10,10,94,104.200,90,90,,,4,4,,,OK
Behnke30,Behnke30,,BehnkeGeiger,10,10,128,131.200,117,117,,,11,11,,,OK
Behnke31,Behnke31,,BehnkeGeiger,10,0,,,260,260,,,,,,,PARTIAL_OR_ERROR
Behnke32,Behnke32,,BehnkeGeiger,10,0,,,268,268,,,,,,,PARTIAL_OR_ERROR
Behnke33,Behnke33,,BehnkeGeiger,10,0,,,258,258,,,,,,,PARTIAL_OR_ERROR
Behnke34,Behnke34,,BehnkeGeiger,10,0,,,259,259,,,,,,,PARTIAL_OR_ERROR
Behnke35,Behnke35,,BehnkeGeiger,10,0,,,251,251,,,,,,,PARTIAL_OR_ERROR
Behnke36,Behnke36,,BehnkeGeiger,10,0,,,521,521,,,,,,,PARTIAL_OR_ERROR
Behnke37,Behnke37,,BehnkeGeiger,10,0,,,527,527,,,,,,,PARTIAL_OR_ERROR
Behnke38,Behnke38,,BehnkeGeiger,10,0,,,510,510,,,,,,,PARTIAL_OR_ERROR
Behnke39,Behnke39,,BehnkeGeiger,10,0,,,526,526,,,,,,,PARTIAL_OR_ERROR
Behnke4,Behnke4,,BehnkeGeiger,10,10,98,104,93,93,,,5,5,,,OK
Behnke40,Behnke40,,BehnkeGeiger,10,0,,,521,521,,,,,,,PARTIAL_OR_ERROR
Behnke41,Behnke41,,BehnkeGeiger,10,10,94,103.400,80,80,,,14,14,,,OK
Behnke43,Behnke43,,BehnkeGeiger,10,10,89,102.300,80,80,,,9,9,,,OK
Behnke44,Behnke44,,BehnkeGeiger,10,10,92,96.700,78,78,,,14,14,,,OK
Behnke45,Behnke45,,BehnkeGeiger,10,10,91,102.500,80,80,,,11,11,,,OK
Behnke47,Behnke47,,BehnkeGeiger,10,10,125,129.300,113,113,,,12,12,,,OK
Behnke48,Behnke48,,BehnkeGeiger,10,10,129,135.300,119,119,,,10,10,,,OK
Behnke49,Behnke49,,BehnkeGeiger,10,10,118,124.100,108,108,,,10,10,,,OK
Behnke5,Behnke5,,BehnkeGeiger,10,10,90,99.800,87,87,,,3,3,,,OK
Behnke50,Behnke50,,BehnkeGeiger,10,10,129,133.900,120,120,,,9,9,,,OK
Behnke51,Behnke51,,BehnkeGeiger,10,0,,,244,244,,,,,,,PARTIAL_OR_ERROR
Behnke52,Behnke52,,BehnkeGeiger,10,0,,,239,239,,,,,,,PARTIAL_OR_ERROR
Behnke53,Behnke53,,BehnkeGeiger,10,0,,,237,237,,,,,,,PARTIAL_OR_ERROR
Behnke54,Behnke54,,BehnkeGeiger,10,0,,,251,251,,,,,,,PARTIAL_OR_ERROR
Behnke55,Behnke55,,BehnkeGeiger,10,0,,,247,247,,,,,,,PARTIAL_OR_ERROR
Behnke56,Behnke56,,BehnkeGeiger,10,0,,,474,474,,,,,,,PARTIAL_OR_ERROR
Behnke57,Behnke57,,BehnkeGeiger,10,0,,,476,476,,,,,,,PARTIAL_OR_ERROR
Behnke58,Behnke58,,BehnkeGeiger,10,0,,,478,478,,,,,,,PARTIAL_OR_ERROR
Behnke59,Behnke59,,BehnkeGeiger,10,0,,,488,488,,,,,,,PARTIAL_OR_ERROR
Behnke6,Behnke6,,BehnkeGeiger,10,10,128,135.800,131,131,,,-3,-3,,,OK
Behnke7,Behnke7,,BehnkeGeiger,10,10,133,136.600,131,131,,,2,2,,,OK
Behnke8,Behnke8,,BehnkeGeiger,10,10,129,140,131,131,,,-2,-2,,,OK
Behnke9,Behnke9,,BehnkeGeiger,10,10,134,138,127,127,,,7,7,,,OK
BrandimarteMk1,BrandimarteMk1,,Brandimarte,10,10,39,39.600,39,39,,,0,0,,,OK
BrandimarteMk10,BrandimarteMk10,,Brandimarte,10,0,,,215,215,,,,,,,PARTIAL_OR_ERROR
BrandimarteMk11,BrandimarteMk11,,Brandimarte,10,10,718,767.100,620,620,,,98,98,,,OK
BrandimarteMk13,BrandimarteMk13,,Brandimarte,10,2,488,506.500,428,428,,,60,60,,,PARTIAL_OR_ERROR
BrandimarteMk15,BrandimarteMk15,,Brandimarte,10,2,456,456.500,374,374,,,82,82,,,PARTIAL_OR_ERROR
BrandimarteMk2,BrandimarteMk2,,Brandimarte,10,10,28,28.600,37,37,,,-9,-9,,,OK
BrandimarteMk3,BrandimarteMk3,,Brandimarte,10,10,190,195.600,184,184,,,6,6,,,OK
BrandimarteMk4,BrandimarteMk4,,Brandimarte,10,10,62,64.400,61,61,,,1,1,,,OK
BrandimarteMk5,BrandimarteMk5,,Brandimarte,10,10,177,192.300,167,167,,,10,10,,,OK
BrandimarteMk6,BrandimarteMk6,,Brandimarte,10,10,67,71.500,64,64,,,3,3,,,OK
BrandimarteMk8,BrandimarteMk8,,Brandimarte,10,10,495,520.700,483,483,,,12,12,,,OK
BrandimarteMk9,BrandimarteMk9,,Brandimarte,10,10,334,380.700,302,302,,,32,32,,,OK
ChambersBarnes1,ChambersBarnes1,,ChambersBarnes,10,10,973,1021.600,906,906,,,67,67,,,OK
ChambersBarnes11,ChambersBarnes11,,ChambersBarnes,10,10,1003,1062.900,943,943,,,60,60,,,OK
ChambersBarnes12,ChambersBarnes12,,ChambersBarnes,10,10,988,1030.500,897,897,,,91,91,,,OK
ChambersBarnes13,ChambersBarnes13,,ChambersBarnes,10,10,1029,1094.800,973,973,,,56,56,,,OK
ChambersBarnes14,ChambersBarnes14,,ChambersBarnes,10,10,982,1046.800,939,939,,,43,43,,,OK
ChambersBarnes15,ChambersBarnes15,,ChambersBarnes,10,10,1376,1491.200,1261,1261,,,115,115,,,OK
ChambersBarnes16,ChambersBarnes16,,ChambersBarnes,10,10,1377,1483.200,1242,1242,,,135,135,,,OK
ChambersBarnes17,ChambersBarnes17,,ChambersBarnes,10,10,1360,1502.600,1240,1240,,,120,120,,,OK
ChambersBarnes18,ChambersBarnes18,,ChambersBarnes,10,10,1382,1491.300,1198,1198,,,184,184,,,OK
ChambersBarnes19,ChambersBarnes19,,ChambersBarnes,10,10,1300,1419.900,1188,1188,,,112,112,,,OK
ChambersBarnes2,ChambersBarnes2,,ChambersBarnes,10,10,930,1000.100,889,889,,,41,41,,,OK
ChambersBarnes20,ChambersBarnes20,,ChambersBarnes,10,10,1385,1491.200,1199,1199,,,186,186,,,OK
ChambersBarnes21,ChambersBarnes21,,ChambersBarnes,10,10,1379,1464.100,1199,1199,,,180,180,,,OK
ChambersBarnes3,ChambersBarnes3,,ChambersBarnes,10,10,945,1007.800,895,895,,,50,50,,,OK
ChambersBarnes4,ChambersBarnes4,,ChambersBarnes,10,10,933,957.800,870,870,,,63,63,,,OK
ChambersBarnes5,ChambersBarnes5,,ChambersBarnes,10,10,855,923.700,831,831,,,24,24,,,OK
ChambersBarnes6,ChambersBarnes6,,ChambersBarnes,10,10,965,1024.700,901,901,,,64,64,,,OK
ChambersBarnes7,ChambersBarnes7,,ChambersBarnes,10,10,935,976.300,860,860,,,75,75,,,OK
ChambersBarnes8,ChambersBarnes8,,ChambersBarnes,10,10,1030,1107.600,970,970,,,60,60,,,OK
ChambersBarnes9,ChambersBarnes9,,ChambersBarnes,10,10,1009,1110.700,953,953,,,56,56,,,OK
DPpaulli10,DPpaulli10,,DPpaulli,10,10,3036,3339.200,2692,2692,,,344,344,,,OK
DPpaulli11,DPpaulli11,,DPpaulli,10,0,,,2404,2404,,,,,,,PARTIAL_OR_ERROR
DPpaulli12,DPpaulli12,,DPpaulli,10,0,,,2285,2285,,,,,,,PARTIAL_OR_ERROR
DPpaulli13,DPpaulli13,,DPpaulli,10,2,3143,3266,2808,2808,,,335,335,,,PARTIAL_OR_ERROR
DPpaulli14,DPpaulli14,,DPpaulli,10,0,,,2545,2545,,,,,,,PARTIAL_OR_ERROR
DPpaulli16,DPpaulli16,,DPpaulli,10,4,3158,3260.500,2785,2785,,,373,373,,,PARTIAL_OR_ERROR
DPpaulli17,DPpaulli17,,DPpaulli,10,0,,,2487,2487,,,,,,,PARTIAL_OR_ERROR
DPpaulli2,DPpaulli2,,DPpaulli,10,10,2771,2979.800,2490,2490,,,281,281,,,OK
DPpaulli3,DPpaulli3,,DPpaulli,10,0,,,2308,2308,,,,,,,PARTIAL_OR_ERROR
DPpaulli4,DPpaulli4,,DPpaulli,10,10,3273,3464.700,2693,2693,,,580,580,,,OK
DPpaulli5,DPpaulli5,,DPpaulli,10,10,2651,2878.100,2469,2469,,,182,182,,,OK
DPpaulli6,DPpaulli6,,DPpaulli,10,0,,,2351,2351,,,,,,,PARTIAL_OR_ERROR
DPpaulli7,DPpaulli7,,DPpaulli,10,10,2978,3258.400,2713,2713,,,265,265,,,OK
DPpaulli8,DPpaulli8,,DPpaulli,10,0,,,2418,2418,,,,,,,PARTIAL_OR_ERROR
Fattahi1,Fattahi1,,Fattahi,10,10,69,69,69,69,,,0,0,,,OK
Fattahi10,Fattahi10,,Fattahi,10,10,507,553,507,507,,,0,0,,,OK
Fattahi11,Fattahi11,,Fattahi,10,10,447,503.300,445,445,,,2,2,,,OK
Fattahi12,Fattahi12,,Fattahi,10,10,428,478.500,415,415,,,13,13,,,OK
Fattahi13,Fattahi13,,Fattahi,10,10,452,490.600,439,439,,,13,13,,,OK
Fattahi15,Fattahi15,,Fattahi,10,10,475,520,472,472,,,3,3,,,OK
Fattahi16,Fattahi16,,Fattahi,10,10,600,623.200,600,600,,,0,0,,,OK
Fattahi17,Fattahi17,,Fattahi,10,10,857,874.200,832,832,,,25,25,,,OK
Fattahi18,Fattahi18,,Fattahi,10,10,856,869.700,843,843,,,13,13,,,OK
Fattahi19,Fattahi19,,Fattahi,10,10,1068,1113.700,1070,1070,,,-2,-2,,,OK
Fattahi2,Fattahi2,,Fattahi,10,10,111,111,111,111,,,0,0,,,OK
Fattahi3,Fattahi3,,Fattahi,10,10,240,240,240,240,,,0,0,,,OK
Fattahi4,Fattahi4,,Fattahi,10,10,364,364,364,364,,,0,0,,,OK
Fattahi5,Fattahi5,,Fattahi,10,10,117,130,117,117,,,0,0,,,OK
Fattahi6,Fattahi6,,Fattahi,10,10,305,305,305,305,,,0,0,,,OK
Fattahi7,Fattahi7,,Fattahi,10,10,389,419.600,386,386,,,3,3,,,OK
Fattahi8,Fattahi8,,Fattahi,10,10,246,261.500,240,240,,,6,6,,,OK
Fattahi9,Fattahi9,,Fattahi,10,10,199,202.500,199,199,,,0,0,,,OK
Hurinkedata10,Hurinkedata10,,Hurink_edata,10,10,841,934.300,861,861,,,-20,-20,,,OK
Hurinkedata11,Hurinkedata11,,Hurink_edata,10,10,893,958.600,853,853,,,40,40,,,OK
Hurinkedata12,Hurinkedata12,,Hurink_edata,10,10,943,1087.500,865,865,,,78,78,,,OK
Hurinkedata13,Hurinkedata13,,Hurink_edata,10,10,880,971.500,862,862,,,18,18,,,OK
Hurinkedata14,Hurinkedata14,,Hurink_edata,10,10,1218,1311.100,1108,1108,,,110,110,,,OK
Hurinkedata15,Hurinkedata15,,Hurink_edata,10,10,1072,1175.800,942,942,,,130,130,,,OK
Hurinkedata16,Hurinkedata16,,Hurink_edata,10,10,1152,1263,1028,1028,,,124,124,,,OK
Hurinkedata17,Hurinkedata17,,Hurink_edata,10,10,1201,1327.500,1110,1110,,,91,91,,,OK
Hurinkedata18,Hurinkedata18,,Hurink_edata,10,10,1282,1368,1159,1159,,,123,123,,,OK
Hurinkedata19,Hurinkedata19,,Hurink_edata,10,10,905,991.300,867,867,,,38,38,,,OK
Hurinkedata2,Hurinkedata2,,Hurink_edata,10,10,920,946.500,867,867,,,53,53,,,OK
Hurinkedata20,Hurinkedata20,,Hurink_edata,10,10,738,772.900,689,689,,,49,49,,,OK
Hurinkedata21,Hurinkedata21,,Hurink_edata,10,10,852,983,798,798,,,54,54,,,OK
Hurinkedata22,Hurinkedata22,,Hurink_edata,10,10,823,863.300,788,788,,,35,35,,,OK
Hurinkedata23,Hurinkedata23,,Hurink_edata,10,10,926,983,834,834,,,92,92,,,OK
Hurinkedata24,Hurinkedata24,,Hurink_edata,10,10,1114,1287.600,1067,1067,,,47,47,,,OK
Hurinkedata25,Hurinkedata25,,Hurink_edata,10,10,1006,1120.400,917,917,,,89,89,,,OK
Hurinkedata26,Hurinkedata26,,Hurink_edata,10,10,1066,1179.900,1003,1003,,,63,63,,,OK
Hurinkedata27,Hurinkedata27,,Hurink_edata,10,10,1018,1084.800,969,969,,,49,49,,,OK
Hurinkedata28,Hurinkedata28,,Hurink_edata,10,10,1034,1125,975,975,,,59,59,,,OK
Hurinkedata29,Hurinkedata29,,Hurink_edata,10,10,1357,1429.500,1283,1283,,,74,74,,,OK
Hurinkedata3,Hurinkedata3,,Hurink_edata,10,10,1284,1371,1166,1166,,,118,118,,,OK
Hurinkedata30,Hurinkedata30,,Hurink_edata,10,10,1382,1495,1327,1327,,,55,55,,,OK
Hurinkedata31,Hurinkedata31,,Hurink_edata,10,10,1313,1481.600,1298,1298,,,15,15,,,OK
Hurinkedata32,Hurinkedata32,,Hurink_edata,10,10,1315,1470.700,1277,1277,,,38,38,,,OK
Hurinkedata33,Hurinkedata33,,Hurink_edata,10,10,1466,1674.900,1362,1362,,,104,104,,,OK
Hurinkedata34,Hurinkedata34,,Hurink_edata,10,10,1956,2083.900,1816,1816,,,140,140,,,OK
Hurinkedata35,Hurinkedata35,,Hurink_edata,10,10,2098,2293,1970,1970,,,128,128,,,OK
Hurinkedata36,Hurinkedata36,,Hurink_edata,10,10,2022,2117.400,1813,1813,,,209,209,,,OK
Hurinkedata37,Hurinkedata37,,Hurink_edata,10,10,1940,2085.200,1891,1891,,,49,49,,,OK
Hurinkedata38,Hurinkedata38,,Hurink_edata,10,10,2033,2196.800,1922,1922,,,111,111,,,OK
Hurinkedata39,Hurinkedata39,,Hurink_edata,10,10,1337,1425.500,1272,1272,,,65,65,,,OK
Hurinkedata4,Hurinkedata4,,Hurink_edata,10,10,602,661.100,581,581,,,21,21,,,OK
Hurinkedata40,Hurinkedata40,,Hurink_edata,10,10,1510,1601.200,1419,1419,,,91,91,,,OK
Hurinkedata41,Hurinkedata41,,Hurink_edata,10,10,1337,1386.600,1266,1266,,,71,71,,,OK
Hurinkedata42,Hurinkedata42,,Hurink_edata,10,10,1344,1463.600,1262,1262,,,82,82,,,OK
Hurinkedata43,Hurinkedata43,,Hurink_edata,10,10,1287,1432.900,1237,1237,,,50,50,,,OK
Hurinkedata44,Hurinkedata44,,Hurink_edata,10,10,1173,1297.100,1122,1122,,,51,51,,,OK
Hurinkedata45,Hurinkedata45,,Hurink_edata,10,10,954,993.500,911,911,,,43,43,,,OK
Hurinkedata46,Hurinkedata46,,Hurink_edata,10,10,758,797.200,709,709,,,49,49,,,OK
Hurinkedata47,Hurinkedata47,,Hurink_edata,10,10,755,863.500,746,746,,,9,9,,,OK
Hurinkedata48,Hurinkedata48,,Hurink_edata,10,10,784,856.600,734,734,,,50,50,,,OK
Hurinkedata49,Hurinkedata49,,Hurink_edata,10,10,6644,7374.900,6210,6210,,,434,434,,,OK
Hurinkedata5,Hurinkedata5,,Hurink_edata,10,10,643,780.700,625,625,,,18,18,,,OK
Hurinkedata50,Hurinkedata50,,Hurink_edata,10,10,7170,7609,6367,6367,,,803,803,,,OK
Hurinkedata51,Hurinkedata51,,Hurink_edata,10,10,7535,8119.100,6920,6920,,,615,615,,,OK
Hurinkedata52,Hurinkedata52,,Hurink_edata,10,10,8058,8652,7529,7529,,,529,529,,,OK
Hurinkedata53,Hurinkedata53,,Hurink_edata,10,10,7377,7714.300,7056,7056,,,321,321,,,OK
Hurinkedata54,Hurinkedata54,,Hurink_edata,10,10,8389,8563.400,7560,7560,,,829,829,,,OK
Hurinkedata55,Hurinkedata55,,Hurink_edata,10,10,6112,6524.900,6714,6714,,,-602,-602,,,OK
Hurinkedata56,Hurinkedata56,,Hurink_edata,10,10,7137,7662.200,7052,7052,,,85,85,,,OK
Hurinkedata57,Hurinkedata57,,Hurink_edata,10,10,992,1064.300,1708,1708,,,-716,-716,,,OK
Hurinkedata58,Hurinkedata58,,Hurink_edata,10,10,885,919.900,1469,1469,,,-584,-584,,,OK
Hurinkedata59,Hurinkedata59,,Hurink_edata,10,10,990,1102.200,1678,1678,,,-688,-688,,,OK
Hurinkedata60,Hurinkedata60,,Hurink_edata,10,10,1015,1046.700,980,980,,,35,35,,,OK
Hurinkedata61,Hurinkedata61,,Hurink_edata,10,10,922,943.100,830,830,,,92,92,,,OK
Hurinkedata62,Hurinkedata62,,Hurink_edata,10,10,1012,1061,967,967,,,45,45,,,OK
Hurinkedata63,Hurinkedata63,,Hurink_edata,10,10,389,425.700,589,589,,,-200,-200,,,OK
Hurinkedata64,Hurinkedata64,,Hurink_edata,10,10,903,974.700,865,865,,,38,38,,,OK
Hurinkedata65,Hurinkedata65,,Hurink_edata,10,10,958,1042.900,909,909,,,49,49,,,OK
Hurinkedata66,Hurinkedata66,,Hurink_edata,10,10,946,1014.800,907,907,,,39,39,,,OK
Hurinkedata7,Hurinkedata7,,Hurink_edata,10,10,580,660.100,545,545,,,35,35,,,OK
Hurinkedata8,Hurinkedata8,,Hurink_edata,10,10,519,578.700,485,485,,,34,34,,,OK
Hurinkedata9,Hurinkedata9,,Hurink_edata,10,10,865,974.500,813,813,,,52,52,,,OK
Hurinkrdata1,Hurinkrdata1,,Hurink_rdata,10,10,44,47.900,44,44,,,0,0,,,OK
Hurinkrdata10,Hurinkrdata10,,Hurink_rdata,10,10,776,845.800,738,738,,,38,38,,,OK
Hurinkrdata11,Hurinkrdata11,,Hurink_rdata,10,10,801,878.400,751,751,,,50,50,,,OK
Hurinkrdata12,Hurinkrdata12,,Hurink_rdata,10,10,869,949.400,834,834,,,35,35,,,OK
Hurinkrdata13,Hurinkrdata13,,Hurink_rdata,10,10,834,865.500,786,786,,,48,48,,,OK
Hurinkrdata14,Hurinkrdata14,,Hurink_rdata,10,10,1139,1209.900,1065,1065,,,74,74,,,OK
Hurinkrdata15,Hurinkrdata15,,Hurink_rdata,10,10,1004,1067.900,914,914,,,90,90,,,OK
Hurinkrdata16,Hurinkrdata16,,Hurink_rdata,10,10,1080,1142.600,1026,1026,,,54,54,,,OK
Hurinkrdata17,Hurinkrdata17,,Hurink_rdata,10,10,1145,1197.500,1070,1070,,,75,75,,,OK
Hurinkrdata18,Hurinkrdata18,,Hurink_rdata,10,10,1117,1174.500,1065,1065,,,52,52,,,OK
Hurinkrdata19,Hurinkrdata19,,Hurink_rdata,10,10,702,720.400,725,725,,,-23,-23,,,OK
Hurinkrdata2,Hurinkrdata2,,Hurink_rdata,10,10,681,758.300,703,703,,,-22,-22,,,OK
Hurinkrdata20,Hurinkrdata20,,Hurink_rdata,10,10,620,665.400,620,620,,,0,0,,,OK
Hurinkrdata21,Hurinkrdata21,,Hurink_rdata,10,10,657,702.600,678,678,,,-21,-21,,,OK
Hurinkrdata22,Hurinkrdata22,,Hurink_rdata,10,10,713,755.800,729,729,,,-16,-16,,,OK
Hurinkrdata23,Hurinkrdata23,,Hurink_rdata,10,10,756,780.200,757,757,,,-1,-1,,,OK
Hurinkrdata24,Hurinkrdata24,,Hurink_rdata,10,10,911,968.400,962,962,,,-51,-51,,,OK
Hurinkrdata25,Hurinkrdata25,,Hurink_rdata,10,10,870,913.400,882,882,,,-12,-12,,,OK
Hurinkrdata26,Hurinkrdata26,,Hurink_rdata,10,10,940,991.100,955,955,,,-15,-15,,,OK
Hurinkrdata27,Hurinkrdata27,,Hurink_rdata,10,10,921,975.400,929,929,,,-8,-8,,,OK
Hurinkrdata29,Hurinkrdata29,,Hurink_rdata,10,10,1234,1347.600,1234,1234,,,0,0,,,OK
Hurinkrdata3,Hurinkrdata3,,Hurink_rdata,10,10,1108,1196.200,1029,1029,,,79,79,,,OK
Hurinkrdata30,Hurinkrdata30,,Hurink_rdata,10,10,1244,1340.700,1240,1240,,,4,4,,,OK
Hurinkrdata31,Hurinkrdata31,,Hurink_rdata,10,10,1214,1396,1254,1254,,,-40,-40,,,OK
Hurinkrdata32,Hurinkrdata32,,Hurink_rdata,10,10,1156,1249.900,1163,1163,,,-7,-7,,,OK
Hurinkrdata33,Hurinkrdata33,,Hurink_rdata,10,10,1220,1365.300,1250,1250,,,-30,-30,,,OK
Hurinkrdata34,Hurinkrdata34,,Hurink_rdata,10,9,1801,1876.111,1766,1766,,,35,35,,,PARTIAL_OR_ERROR
Hurinkrdata35,Hurinkrdata35,,Hurink_rdata,10,9,1886,2033.667,1931,1931,,,-45,-45,,,PARTIAL_OR_ERROR
Hurinkrdata36,Hurinkrdata36,,Hurink_rdata,10,8,1696,1849.625,1710,1710,,,-14,-14,,,PARTIAL_OR_ERROR
Hurinkrdata37,Hurinkrdata37,,Hurink_rdata,10,7,1775,1900.429,1781,1781,,,-6,-6,,,PARTIAL_OR_ERROR
Hurinkrdata39,Hurinkrdata39,,Hurink_rdata,10,10,1169,1262.100,1170,1170,,,-1,-1,,,OK
Hurinkrdata4,Hurinkrdata4,,Hurink_rdata,10,10,578,619.900,713,713,,,-135,-135,,,OK
Hurinkrdata40,Hurinkrdata40,,Hurink_rdata,10,10,1189,1322.600,1237,1237,,,-48,-48,,,OK
Hurinkrdata41,Hurinkrdata41,,Hurink_rdata,10,10,1132,1200.900,1109,1109,,,23,23,,,OK
Hurinkrdata42,Hurinkrdata42,,Hurink_rdata,10,10,1172,1272.900,1149,1149,,,23,23,,,OK
Hurinkrdata43,Hurinkrdata43,,Hurink_rdata,10,10,1119,1231.400,1130,1130,,,-11,-11,,,OK
Hurinkrdata44,Hurinkrdata44,,Hurink_rdata,10,10,967,1007.800,983,983,,,-16,-16,,,OK
Hurinkrdata45,Hurinkrdata45,,Hurink_rdata,10,10,775,820.800,777,777,,,-2,-2,,,OK
Hurinkrdata46,Hurinkrdata46,,Hurink_rdata,10,10,630,744,740,740,,,-110,-110,,,OK
Hurinkrdata47,Hurinkrdata47,,Hurink_rdata,10,10,682,787.700,733,733,,,-51,-51,,,OK
Hurinkrdata48,Hurinkrdata48,,Hurink_rdata,10,10,695,723,728,728,,,-33,-33,,,OK
Hurinkrdata49,Hurinkrdata49,,Hurink_rdata,10,10,5262,5336.300,5016,5016,,,246,246,,,OK
Hurinkrdata5,Hurinkrdata5,,Hurink_rdata,10,10,534,597.500,996,996,,,-462,-462,,,OK
Hurinkrdata51,Hurinkrdata51,,Hurink_rdata,10,10,5755,6082.300,5573,5573,,,182,182,,,OK
Hurinkrdata52,Hurinkrdata52,,Hurink_rdata,10,10,6552,6903,6324,6324,,,228,228,,,OK
Hurinkrdata53,Hurinkrdata53,,Hurink_rdata,10,10,5840,5990.500,5670,5670,,,170,170,,,OK
Hurinkrdata54,Hurinkrdata54,,Hurink_rdata,10,10,6082,6200.900,5963,5963,,,119,119,,,OK
Hurinkrdata55,Hurinkrdata55,,Hurink_rdata,10,10,4247,4337.300,4257,4257,,,-10,-10,,,OK
Hurinkrdata56,Hurinkrdata56,,Hurink_rdata,10,10,5578,5697,5497,5497,,,81,81,,,OK
Hurinkrdata57,Hurinkrdata57,,Hurink_rdata,10,10,761,795.100,1440,1440,,,-679,-679,,,OK
Hurinkrdata58,Hurinkrdata58,,Hurink_rdata,10,10,688,726.200,1394,1394,,,-706,-706,,,OK
Hurinkrdata59,Hurinkrdata59,,Hurink_rdata,10,10,716,747.500,1449,1449,,,-733,-733,,,OK
Hurinkrdata6,Hurinkrdata6,,Hurink_rdata,10,10,499,517.200,883,883,,,-384,-384,,,OK
Hurinkrdata60,Hurinkrdata60,,Hurink_rdata,10,10,755,801.300,1423,1423,,,-668,-668,,,OK
Hurinkrdata61,Hurinkrdata61,,Hurink_rdata,10,10,653,732.800,1410,1410,,,-757,-757,,,OK
Hurinkrdata62,Hurinkrdata62,,Hurink_rdata,10,10,763,817.600,1609,1609,,,-846,-846,,,OK
Hurinkrdata63,Hurinkrdata63,,Hurink_rdata,10,10,309,323.700,621,621,,,-312,-312,,,OK
Hurinkrdata64,Hurinkrdata64,,Hurink_rdata,10,10,630,691.400,1376,1376,,,-746,-746,,,OK
Hurinkrdata65,Hurinkrdata65,,Hurink_rdata,10,10,705,730.500,1401,1401,,,-696,-696,,,OK
Hurinkrdata66,Hurinkrdata66,,Hurink_rdata,10,10,752,805.900,1510,1510,,,-758,-758,,,OK
Hurinkrdata7,Hurinkrdata7,,Hurink_rdata,10,10,516,545.600,846,846,,,-330,-330,,,OK
Hurinkrdata8,Hurinkrdata8,,Hurink_rdata,10,10,456,501,777,777,,,-321,-321,,,OK
Hurinkrdata9,Hurinkrdata9,,Hurink_rdata,10,10,812,895.400,1371,1371,,,-559,-559,,,OK
Hurinksdata10,Hurinksdata10,,Hurink_sdata,10,10,915,1013.600,845,845,,,70,70,,,OK
Hurinksdata11,Hurinksdata11,,Hurink_sdata,10,10,920,1021.500,822,822,,,98,98,,,OK
Hurinksdata12,Hurinksdata12,,Hurink_sdata,10,10,940,1039.800,888,888,,,52,52,,,OK
Hurinksdata13,Hurinksdata13,,Hurink_sdata,10,10,930,1042.800,904,904,,,26,26,,,OK
Hurinksdata14,Hurinksdata14,,Hurink_sdata,10,10,1292,1413,1148,1148,,,144,144,,,OK
Hurinksdata15,Hurinksdata15,,Hurink_sdata,10,10,1081,1181.700,995,995,,,86,86,,,OK
Hurinksdata16,Hurinksdata16,,Hurink_sdata,10,10,1292,1417.800,1114,1114,,,178,178,,,OK
Hurinksdata17,Hurinksdata17,,Hurink_sdata,10,10,1308,1418.500,1251,1251,,,57,57,,,OK
Hurinksdata19,Hurinksdata19,,Hurink_sdata,10,10,947,1007.700,1115,1115,,,-168,-168,,,OK
Hurinksdata2,Hurinksdata2,,Hurink_sdata,10,10,975,1027.100,908,908,,,67,67,,,OK
Hurinksdata20,Hurinksdata20,,Hurink_sdata,10,10,795,869.500,734,734,,,61,61,,,OK
Hurinksdata21,Hurinksdata21,,Hurink_sdata,10,10,846,933.500,812,812,,,34,34,,,OK
Hurinksdata22,Hurinksdata22,,Hurink_sdata,10,10,895,992.400,825,825,,,70,70,,,OK
Hurinksdata23,Hurinksdata23,,Hurink_sdata,10,10,941,994.300,859,859,,,82,82,,,OK
Hurinksdata24,Hurinksdata24,,Hurink_sdata,10,10,1166,1278.600,1089,1089,,,77,77,,,OK
Hurinksdata25,Hurinksdata25,,Hurink_sdata,10,10,1047,1134.800,974,974,,,73,73,,,OK
Hurinksdata26,Hurinksdata26,,Hurink_sdata,10,10,1100,1227.900,1034,1034,,,66,66,,,OK
Hurinksdata27,Hurinksdata27,,Hurink_sdata,10,10,1053,1182.400,999,999,,,54,54,,,OK
Hurinksdata28,Hurinksdata28,,Hurink_sdata,10,10,1115,1228.700,1013,1013,,,102,102,,,OK
Hurinksdata29,Hurinksdata29,,Hurink_sdata,10,10,1456,1525,1340,1340,,,116,116,,,OK
Hurinksdata3,Hurinksdata3,,Hurink_sdata,10,10,1378,1537.400,1617,1617,,,-239,-239,,,OK
Hurinksdata30,Hurinksdata30,,Hurink_sdata,10,10,1504,1631.900,1337,1337,,,167,167,,,OK
Hurinksdata31,Hurinksdata31,,Hurink_sdata,10,10,1442,1523.100,1339,1339,,,103,103,,,OK
Hurinksdata32,Hurinksdata32,,Hurink_sdata,10,10,1376,1552.600,1307,1307,,,69,69,,,OK
Hurinksdata33,Hurinksdata33,,Hurink_sdata,10,10,1471,1627,1402,1402,,,69,69,,,OK
Hurinksdata34,Hurinksdata34,,Hurink_sdata,10,10,1979,2261.300,1802,1802,,,177,177,,,OK
Hurinksdata35,Hurinksdata35,,Hurink_sdata,10,10,2271,2413.600,2026,2026,,,245,245,,,OK
Hurinksdata36,Hurinksdata36,,Hurink_sdata,10,10,2082,2270.500,1822,1822,,,260,260,,,OK
Hurinksdata37,Hurinksdata37,,Hurink_sdata,10,10,2018,2148.200,1900,1900,,,118,118,,,OK
Hurinksdata39,Hurinksdata39,,Hurink_sdata,10,10,1481,1581.500,1630,1630,,,-149,-149,,,OK
Hurinksdata4,Hurinksdata4,,Hurink_sdata,10,10,652,733.500,625,625,,,27,27,,,OK
Hurinksdata41,Hurinksdata41,,Hurink_sdata,10,10,1358,1493.700,1628,1628,,,-270,-270,,,OK
Hurinksdata42,Hurinksdata42,,Hurink_sdata,10,10,1456,1557.300,1619,1619,,,-163,-163,,,OK
Hurinksdata43,Hurinksdata43,,Hurink_sdata,10,10,1369,1495.600,1609,1609,,,-240,-240,,,OK
Hurinksdata44,Hurinksdata44,,Hurink_sdata,10,10,1267,1436.500,1594,1594,,,-327,-327,,,OK
Hurinksdata45,Hurinksdata45,,Hurink_sdata,10,10,965,1060.700,1444,1444,,,-479,-479,,,OK
Hurinksdata46,Hurinksdata46,,Hurink_sdata,10,10,830,883.300,1340,1340,,,-510,-510,,,OK
Hurinksdata47,Hurinksdata47,,Hurink_sdata,10,10,838,907.200,1351,1351,,,-513,-513,,,OK
Hurinksdata48,Hurinksdata48,,Hurink_sdata,10,10,869,930.400,1386,1386,,,-517,-517,,,OK
Hurinksdata49,Hurinksdata49,,Hurink_sdata,10,10,7509,8088.400,6690,6690,,,819,819,,,OK
Hurinksdata5,Hurinksdata5,,Hurink_sdata,10,10,705,796.500,992,992,,,-287,-287,,,OK
Hurinksdata50,Hurinksdata50,,Hurink_sdata,10,10,7767,8465.200,6830,6830,,,937,937,,,OK
Hurinksdata51,Hurinksdata51,,Hurink_sdata,10,10,7995,8805.100,7241,7241,,,754,754,,,OK
Hurinksdata52,Hurinksdata52,,Hurink_sdata,10,10,8343,8996.200,7556,7556,,,787,787,,,OK
Hurinksdata53,Hurinksdata53,,Hurink_sdata,10,10,7820,8204.200,7477,7477,,,343,343,,,OK
Hurinksdata55,Hurinksdata55,,Hurink_sdata,10,10,6853,7045.500,7273,7273,,,-420,-420,,,OK
Hurinksdata56,Hurinksdata56,,Hurink_sdata,10,10,8358,8569,7947,7947,,,411,411,,,OK
Hurinksdata57,Hurinksdata57,,Hurink_sdata,10,10,1127,1178.300,1769,1769,,,-642,-642,,,OK
Hurinksdata58,Hurinksdata58,,Hurink_sdata,10,10,898,968.500,1463,1463,,,-565,-565,,,OK
Hurinksdata59,Hurinksdata59,,Hurink_sdata,10,10,1086,1160.700,1785,1785,,,-699,-699,,,OK
Hurinksdata6,Hurinksdata6,,Hurink_sdata,10,10,612,674.900,889,889,,,-277,-277,,,OK
Hurinksdata60,Hurinksdata60,,Hurink_sdata,10,10,1035,1164.800,1646,1646,,,-611,-611,,,OK
Hurinksdata62,Hurinksdata62,,Hurink_sdata,10,10,1077,1119.600,1792,1792,,,-715,-715,,,OK
Hurinksdata64,Hurinksdata64,,Hurink_sdata,10,10,943,999.500,1441,1441,,,-498,-498,,,OK
Hurinksdata65,Hurinksdata65,,Hurink_sdata,10,10,949,1013,1564,1564,,,-615,-615,,,OK
Hurinksdata66,Hurinksdata66,,Hurink_sdata,10,10,982,1082.500,1646,1646,,,-664,-664,,,OK
Hurinksdata7,Hurinksdata7,,Hurink_sdata,10,10,599,677.400,956,956,,,-357,-357,,,OK
Hurinksdata8,Hurinksdata8,,Hurink_sdata,10,10,569,653.700,565,565,,,4,4,,,OK
Hurinksdata9,Hurinksdata9,,Hurink_sdata,10,10,923,1036.800,867,867,,,56,56,,,OK
Hurinkvdata1,Hurinkvdata1,,Hurink_vdata,10,10,44,44,44,44,,,0,0,,,OK
Hurinkvdata10,Hurinkvdata10,,Hurink_vdata,10,10,761,818.900,1340,1340,,,-579,-579,,,OK
Hurinkvdata11,Hurinkvdata11,,Hurink_vdata,10,10,781,857.500,1285,1285,,,-504,-504,,,OK
Hurinkvdata12,Hurinkvdata12,,Hurink_vdata,10,10,891,945.900,1435,1435,,,-544,-544,,,OK
Hurinkvdata13,Hurinkvdata13,,Hurink_vdata,10,10,805,881.300,1413,1413,,,-608,-608,,,OK
Hurinkvdata14,Hurinkvdata14,,Hurink_vdata,10,10,1100,1147.700,1874,1874,,,-774,-774,,,OK
Hurinkvdata15,Hurinkvdata15,,Hurink_vdata,10,10,976,1037,1606,1606,,,-630,-630,,,OK
Hurinkvdata16,Hurinkvdata16,,Hurink_vdata,10,10,1102,1180.100,1728,1728,,,-626,-626,,,OK
Hurinkvdata17,Hurinkvdata17,,Hurink_vdata,10,10,1120,1173.400,1798,1798,,,-678,-678,,,OK
Hurinkvdata19,Hurinkvdata19,,Hurink_vdata,10,10,663,682.300,673,673,,,-10,-10,,,OK
Hurinkvdata2,Hurinkvdata2,,Hurink_vdata,10,10,608,648,622,622,,,-14,-14,,,OK
Hurinkvdata20,Hurinkvdata20,,Hurink_vdata,10,10,595,603.800,598,598,,,-3,-3,,,OK
Hurinkvdata21,Hurinkvdata21,,Hurink_vdata,10,10,617,627.200,631,631,,,-14,-14,,,OK
Hurinkvdata22,Hurinkvdata22,,Hurink_vdata,10,10,611,647.600,640,640,,,-29,-29,,,OK
Hurinkvdata23,Hurinkvdata23,,Hurink_vdata,10,10,690,726.500,696,696,,,-6,-6,,,OK
Hurinkvdata24,Hurinkvdata24,,Hurink_vdata,10,10,869,962.700,901,901,,,-32,-32,,,OK
Hurinkvdata25,Hurinkvdata25,,Hurink_vdata,10,10,810,856,818,818,,,-8,-8,,,OK
Hurinkvdata26,Hurinkvdata26,,Hurink_vdata,10,10,883,944.600,884,884,,,-1,-1,,,OK
Hurinkvdata27,Hurinkvdata27,,Hurink_vdata,10,10,824,901.800,860,860,,,-36,-36,,,OK
Hurinkvdata28,Hurinkvdata28,,Hurink_vdata,10,10,825,912.200,836,836,,,-11,-11,,,OK
Hurinkvdata29,Hurinkvdata29,,Hurink_vdata,10,0,,,1150,1150,,,,,,,PARTIAL_OR_ERROR
Hurinkvdata3,Hurinkvdata3,,Hurink_vdata,10,10,1042,1166.500,1004,1004,,,38,38,,,OK
Hurinkvdata31,Hurinkvdata31,,Hurink_vdata,10,2,1146,1176.500,1169,1169,,,-23,-23,,,PARTIAL_OR_ERROR
Hurinkvdata32,Hurinkvdata32,,Hurink_vdata,10,9,1072,1098.444,1080,1080,,,-8,-8,,,PARTIAL_OR_ERROR
Hurinkvdata33,Hurinkvdata33,,Hurink_vdata,10,6,1185,1298.667,1173,1173,,,12,12,,,PARTIAL_OR_ERROR
Hurinkvdata34,Hurinkvdata34,,Hurink_vdata,10,0,,,1596,1596,,,,,,,PARTIAL_OR_ERROR
Hurinkvdata35,Hurinkvdata35,,Hurink_vdata,10,0,,,1768,1768,,,,,,,PARTIAL_OR_ERROR
Hurinkvdata36,Hurinkvdata36,,Hurink_vdata,10,0,,,1592,1592,,,,,,,PARTIAL_OR_ERROR
Hurinkvdata37,Hurinkvdata37,,Hurink_vdata,10,0,,,1615,1615,,,,,,,PARTIAL_OR_ERROR
Hurinkvdata38,Hurinkvdata38,,Hurink_vdata,10,0,,,1654,1654,,,,,,,PARTIAL_OR_ERROR
Hurinkvdata39,Hurinkvdata39,,Hurink_vdata,10,0,,,1042,1042,,,,,,,PARTIAL_OR_ERROR
Hurinkvdata4,Hurinkvdata4,,Hurink_vdata,10,10,584,598.600,659,659,,,-75,-75,,,OK
Hurinkvdata40,Hurinkvdata40,,Hurink_vdata,10,0,,,1081,1081,,,,,,,PARTIAL_OR_ERROR
Hurinkvdata41,Hurinkvdata41,,Hurink_vdata,10,0,,,986,986,,,,,,,PARTIAL_OR_ERROR
Hurinkvdata42,Hurinkvdata42,,Hurink_vdata,10,0,,,1019,1019,,,,,,,PARTIAL_OR_ERROR
Hurinkvdata43,Hurinkvdata43,,Hurink_vdata,10,0,,,973,973,,,,,,,PARTIAL_OR_ERROR
Hurinkvdata44,Hurinkvdata44,,Hurink_vdata,10,10,856,881.800,899,899,,,-43,-43,,,OK
Hurinkvdata45,Hurinkvdata45,,Hurink_vdata,10,10,701,714,731,731,,,-30,-30,,,OK
Hurinkvdata46,Hurinkvdata46,,Hurink_vdata,10,0,,,719,719,,,,,,,PARTIAL_OR_ERROR
Hurinkvdata47,Hurinkvdata47,,Hurink_vdata,10,0,,,795,795,,,,,,,PARTIAL_OR_ERROR
Hurinkvdata48,Hurinkvdata48,,Hurink_vdata,10,0,,,744,744,,,,,,,PARTIAL_OR_ERROR
Hurinkvdata49,Hurinkvdata49,,Hurink_vdata,10,10,5020,5241.700,4863,4863,,,157,157,,,OK
Hurinkvdata50,Hurinkvdata50,,Hurink_vdata,10,10,5920,6083.800,5694,5694,,,226,226,,,OK
Hurinkvdata51,Hurinkvdata51,,Hurink_vdata,10,10,5584,5778.700,5475,5475,,,109,109,,,OK
Hurinkvdata52,Hurinkvdata52,,Hurink_vdata,10,10,6474,6656.300,6256,6256,,,218,218,,,OK
Hurinkvdata53,Hurinkvdata53,,Hurink_vdata,10,10,5014,5119.200,4833,4833,,,181,181,,,OK
Hurinkvdata54,Hurinkvdata54,,Hurink_vdata,10,10,5111,5212.400,5074,5074,,,37,37,,,OK
Hurinkvdata55,Hurinkvdata55,,Hurink_vdata,10,10,4066,4177.800,4028,4028,,,38,38,,,OK
Hurinkvdata56,Hurinkvdata56,,Hurink_vdata,10,10,4483,4573.100,4665,4665,,,-182,-182,,,OK
Hurinkvdata57,Hurinkvdata57,,Hurink_vdata,10,10,645,668.400,667,667,,,-22,-22,,,OK
Hurinkvdata58,Hurinkvdata58,,Hurink_vdata,10,10,634,677.900,641,641,,,-7,-7,,,OK
Hurinkvdata59,Hurinkvdata59,,Hurink_vdata,10,10,617,647.400,655,655,,,-38,-38,,,OK
Hurinkvdata6,Hurinkvdata6,,Hurink_vdata,10,10,487,519,600,600,,,-113,-113,,,OK
Hurinkvdata60,Hurinkvdata60,,Hurink_vdata,10,10,687,696,703,703,,,-16,-16,,,OK
